{"matchNumber":"58","matchTime":7052.344653815,"blue":{"totalScore":{"Score":33,"TeleopScore":18,"AutonScore":15,"AmpScore":0,"AmpCount":0,"SpeakerScore":33,"SpeakerCount":12,"TrapScore":0,"TrapCount":0,"AmplifiedCount":0,"AmplifiedScore":0,"MobileScore":0,"OnStageScore":0,"SpotlightScore":0,"ParkingScore":0,"HarmonyScore":0,"PassingCount":0},"preGameMarkers":{},"autonGameMarkers":{"Speaker1":{"x":1,"y":13,"isMarkedOnce":"false","isSingleSpace":"false","gameState":"auton","ampState":"","spotlitState":"","teamNumber":"3310","timestamp":5.646225273999335,"score":5,"markerLocationType":"Speaker","GameState":"auton","markerType":"Speaker","markerColor":{"red":255,"green":230,"blue":147,"alpha":0.8}},"Speaker2":{"x":1,"y":12,"isMarkedOnce":"false","isSingleSpace":"false","gameState":"auton","ampState":"","spotlitState":"","teamNumber":"3310","timestamp":8.314211012999294,"score":5,"markerLocationType":"Speaker","GameState":"auton","markerType":"Speaker","markerColor":{"red":255,"green":230,"blue":147,"alpha":0.8}},"Speaker3":{"x":1,"y":12,"isMarkedOnce":"false","isSingleSpace":"false","gameState":"auton","ampState":"","spotlitState":"","teamNumber":"3310","timestamp":11.952137806999417,"score":5,"markerLocationType":"Speaker","GameState":"auton","markerType":"Speaker","markerColor":{"red":255,"green":230,"blue":147,"alpha":0.8}}},"teleopGameMarkers":{"Speaker4":{"x":0,"y":13,"isMarkedOnce":"false","isSingleSpace":"false","gameState":"teleop","ampState":"","spotlitState":"","teamNumber":"3310","timestamp":30.334494703999553,"score":2,"markerLocationType":"Speaker","GameState":"teleop","markerType":"Speaker","markerColor":{"red":255,"green":230,"blue":147,"alpha":0.5}},"Speaker5":{"x":1,"y":13,"isMarkedOnce":"false","isSingleSpace":"false","gameState":"teleop","ampState":"","spotlitState":"","teamNumber":"3310","timestamp":41.75374141900011,"score":2,"markerLocationType":"Speaker","GameState":"teleop","markerType":"Speaker","markerColor":{"red":255,"green":230,"blue":147,"alpha":0.5}},"Speaker6":{"x":0,"y":12,"isMarkedOnce":"false","isSingleSpace":"false","gameState":"teleop","ampState":"","spotlitState":"","teamNumber":"4251","timestamp":50.657267469000544,"score":2,"markerLocationType":"Speaker","GameState":"teleop","markerType":"Speaker","markerColor":{"red":169,"green":255,"blue":230,"alpha":0.5}},"Speaker7":{"x":0,"y":12,"isMarkedOnce":"false","isSingleSpace":"false","gameState":"teleop","ampState":"","spotlitState":"","teamNumber":"3310","timestamp":68.73004862499965,"score":2,"markerLocationType":"Speaker","GameState":"teleop","markerType":"Speaker","markerColor":{"red":255,"green":230,"blue":147,"alpha":0.5}},"Speaker8":{"x":1,"y":11,"isMarkedOnce":"false","isSingleSpace":"false","gameState":"teleop","ampState":"","spotlitState":"","teamNumber":"3310","timestamp":76.78696895400026,"score":2,"markerLocationType":"Speaker","GameState":"teleop","markerType":"Speaker","markerColor":{"red":255,"green":230,"blue":147,"alpha":0.5}},"Speaker9":{"x":0,"y":12,"isMarkedOnce":"false","isSingleSpace":"false","gameState":"teleop","ampState":"","spotlitState":"","teamNumber":"3310","timestamp":82.91246930199941,"score":2,"markerLocationType":"Speaker","GameState":"teleop","markerType":"Speaker","markerColor":{"red":255,"green":230,"blue":147,"alpha":0.5}},"Speaker10":{"x":0,"y":12,"isMarkedOnce":"false","isSingleSpace":"false","gameState":"teleop","ampState":"","spotlitState":"","teamNumber":"3310","timestamp":89.2442914459998,"score":2,"markerLocationType":"Speaker","GameState":"teleop","markerType":"Speaker","markerColor":{"red":255,"green":230,"blue":147,"alpha":0.5}},"Speaker11":{"x":0,"y":11,"isMarkedOnce":"false","isSingleSpace":"false","gameState":"teleop","ampState":"","spotlitState":"","teamNumber":"3310","timestamp":95.91873160900013,"score":2,"markerLocationType":"Speaker","GameState":"teleop","markerType":"Speaker","markerColor":{"red":255,"green":230,"blue":147,"alpha":0.5}},"Speaker12":{"x":0,"y":12,"isMarkedOnce":"false","isSingleSpace":"false","gameState":"teleop","ampState":"","spotlitState":"","teamNumber":"3310","timestamp":107.18266815799961,"score":2,"markerLocationType":"Speaker","GameState":"teleop","markerType":"Speaker","markerColor":{"red":255,"green":230,"blue":147,"alpha":0.5}},"Onstage1.2":{"x":17,"y":18,"isMarkedOnce":"true","isSingleSpace":"true","gameState":"teleop","ampState":"","spotlitState":"","teamNumber":"3310","timestamp":154.52343061099964,"score":3,"markerLocationCoordinates":{"x":"15","y":"-145","w":"8","h":"75"},"markerRotation":"120","markerLocationType":"Onstage1.2","GameState":"teleop","markerType":"Onstage","markerColor":{"red":255,"green":230,"blue":147,"alpha":0.5}}},"teams":[{"scout":"Ajay","teamNumber":"9088","idx":1,"allianceColor":"blue","markerColor":{"red":255,"green":180,"blue":127,"alpha":0.5},"gameState":{"markerScore":0,"parkingScore":0,"parkingState":""},"teleopScore":{"Score":0,"TeleopScore":0,"AutonScore":0,"AmpScore":0,"AmpCount":0,"SpeakerScore":0,"SpeakerCount":0,"TrapScore":0,"TrapCount":0,"AmplifiedCount":0,"AmplifiedScore":0,"MobileScore":0,"OnStageScore":0,"SpotlightScore":0,"ParkingScore":0,"HarmonyScore":0,"PassingCount":0},"autonScore":{"Score":0,"TeleopScore":0,"AutonScore":0,"AmpScore":0,"AmpCount":0,"SpeakerScore":0,"SpeakerCount":0,"TrapScore":0,"TrapCount":0,"AmplifiedCount":0,"AmplifiedScore":0,"MobileScore":0,"OnStageScore":0,"SpotlightScore":0,"ParkingScore":0,"HarmonyScore":0,"PassingCount":0},"passes":0,"connection":true,"onStage":false,"mobile":true,"isDisabled":0,"gameStateScore":"{\"markerScore\":0,\"parkingScore\":0,\"parkingState\":\"\",\"auton\":{\"markerScore\":0,\"parkingScore\":0,\"parkingState\":\"\"},\"teleop\":{\"markerScore\":0,\"parkingScore\":0,\"parkingState\":\"\"}}"}]},"red":{"totalScore":{"Score":4,"TeleopScore":4,"AutonScore":0,"AmpScore":0,"AmpCount":0,"SpeakerScore":4,"SpeakerCount":2,"TrapScore":0,"TrapCount":0,"AmplifiedCount":0,"AmplifiedScore":0,"MobileScore":0,"OnStageScore":0,"SpotlightScore":0,"ParkingScore":0,"HarmonyScore":0,"PassingCount":0},"preGameMarkers":{},"autonGameMarkers":{},"teleopGameMarkers":{"Speaker1":{"x":27,"y":11,"isMarkedOnce":"false","isSingleSpace":"false","gameState":"teleop","ampState":"","spotlitState":"","teamNumber":"7321","timestamp":23.278593170999557,"score":2,"markerLocationType":"Speaker","GameState":"teleop","markerType":"Speaker","markerColor":{"red":255,"green":107,"blue":53,"alpha":0.5}},"Speaker2":{"x":26,"y":11,"isMarkedOnce":"false","isSingleSpace":"false","gameState":"teleop","ampState":"","spotlitState":"","teamNumber":"7321","timestamp":97.49726659000044,"score":2,"markerLocationType":"Speaker","GameState":"teleop","markerType":"Speaker","markerColor":{"red":255,"green":107,"blue":53,"alpha":0.5}}},"teams":[{"scout":"Aryan","teamNumber":"7492","idx":5,"allianceColor":"red","markerColor":{"red":84,"green":255,"blue":200,"alpha":0.5},"gameState":{"markerScore":0,"parkingScore":0,"parkingState":"","pregame":{"markerScore":0,"parkingScore":0,"parkingState":""}},"teleopScore":{"Score":0,"TeleopScore":0,"AutonScore":0,"AmpScore":0,"AmpCount":0,"SpeakerScore":0,"SpeakerCount":0,"TrapScore":0,"TrapCount":0,"AmplifiedCount":0,"AmplifiedScore":0,"MobileScore":0,"OnStageScore":0,"SpotlightScore":0,"ParkingScore":0,"HarmonyScore":0,"PassingCount":0},"autonScore":{"Score":0,"TeleopScore":0,"AutonScore":0,"AmpScore":0,"AmpCount":0,"SpeakerScore":0,"SpeakerCount":0,"TrapScore":0,"TrapCount":0,"AmplifiedCount":0,"AmplifiedScore":0,"MobileScore":0,"OnStageScore":0,"SpotlightScore":0,"ParkingScore":0,"HarmonyScore":0,"PassingCount":0},"passes":0,"connection":true,"onStage":false,"mobile":true,"isDisabled":1,"gameStateScore":"{\"markerScore\":0,\"parkingScore\":0,\"parkingState\":\"\",\"auton\":{\"markerScore\":0,\"parkingScore\":0,\"parkingState\":\"\"},\"teleop\":{\"markerScore\":0,\"parkingScore\":0,\"parkingState\":\"\"}}"},{"scout":"Athindra","teamNumber":"5411","idx":4,"allianceColor":"red","markerColor":{"red":84,"green":255,"blue":200,"alpha":0.5},"gameState":{"markerScore":0,"parkingScore":0,"parkingState":""},"teleopScore":{"Score":0,"TeleopScore":0,"AutonScore":0,"AmpScore":0,"AmpCount":0,"SpeakerScore":0,"SpeakerCount":0,"TrapScore":0,"TrapCount":0,"AmplifiedCount":0,"AmplifiedScore":0,"MobileScore":0,"OnStageScore":0,"SpotlightScore":0,"ParkingScore":0,"HarmonyScore":0,"PassingCount":0},"autonScore":{"Score":0,"TeleopScore":0,"AutonScore":0,"AmpScore":0,"AmpCount":0,"SpeakerScore":0,"SpeakerCount":0,"TrapScore":0,"TrapCount":0,"AmplifiedCount":0,"AmplifiedScore":0,"MobileScore":0,"OnStageScore":0,"SpotlightScore":0,"ParkingScore":0,"HarmonyScore":0,"PassingCount":0},"passes":0,"connection":true,"onStage":false,"mobile":false,"isDisabled":0,"gameStateScore":"{\"markerScore\":0,\"parkingScore\":0,\"parkingState\":\"\",\"auton\":{\"markerScore\":0,\"parkingScore\":0,\"parkingState\":\"\"},\"teleop\":{\"markerScore\":0,\"parkingScore\":0,\"parkingState\":\"\"}}"},{"scout":"Anshul","teamNumber":"7321","idx":6,"allianceColor":"red","markerColor":{"red":255,"green":107,"blue":53,"alpha":0.5},"gameState":{"markerScore":0,"parkingScore":0,"parkingState":"","teleop":{"markerScore":0,"parkingScore":0,"parkingState":""}},"teleopScore":{"Score":0,"TeleopScore":4,"AutonScore":0,"AmpScore":0,"AmpCount":0,"SpeakerScore":4,"SpeakerCount":2,"TrapScore":0,"TrapCount":0,"AmplifiedCount":0,"AmplifiedScore":0,"MobileScore":0,"OnStageScore":0,"SpotlightScore":0,"ParkingScore":0,"HarmonyScore":0,"PassingCount":0},"autonScore":{"Score":0,"TeleopScore":0,"AutonScore":0,"AmpScore":0,"AmpCount":0,"SpeakerScore":0,"SpeakerCount":0,"TrapScore":0,"TrapCount":0,"AmplifiedCount":0,"AmplifiedScore":0,"MobileScore":0,"OnStageScore":0,"SpotlightScore":0,"ParkingScore":0,"HarmonyScore":0,"PassingCount":0},"passes":0,"connection":true,"onStage":false,"mobile":false,"isDisabled":0,"gameStateScore":"{\"markerScore\":0,\"parkingScore\":0,\"parkingState\":\"\",\"teleop\":{\"markerScore\":0,\"parkingScore\":0,\"parkingState\":\"\"}}"}]}}