{"matchNumber":"29","matchTime":6410.262591475,"blue":{"totalScore":{"Score":39,"TeleopScore":34,"AutonScore":5,"AmpScore":7,"AmpCount":7,"SpeakerScore":27,"SpeakerCount":12,"TrapScore":5,"TrapCount":1,"AmplifiedCount":0,"AmplifiedScore":0,"MobileScore":0,"OnStageScore":0,"SpotlightScore":0,"ParkingScore":0,"HarmonyScore":0,"PassingCount":0},"preGameMarkers":{},"autonGameMarkers":{"Speaker1":{"x":1,"y":11,"isMarkedOnce":"false","isSingleSpace":"false","gameState":"auton","ampState":"","spotlitState":"","teamNumber":"2582","timestamp":2.3990614059994186,"score":5,"markerLocationType":"Speaker","GameState":"auton","markerType":"Speaker","markerColor":{"red":10,"green":35,"blue":255,"alpha":0.8}}},"teleopGameMarkers":{"Speaker2":{"x":1,"y":12,"isMarkedOnce":"false","isSingleSpace":"false","gameState":"teleop","ampState":"","spotlitState":"","teamNumber":"5411","timestamp":28.506798224000704,"score":2,"markerLocationType":"Speaker","GameState":"teleop","markerType":"Speaker","markerColor":{"red":35,"green":222,"blue":255,"alpha":0.5}},"Speaker3":{"x":1,"y":11,"isMarkedOnce":"false","isSingleSpace":"false","gameState":"teleop","ampState":"","spotlitState":"","teamNumber":"5411","timestamp":29.038278650000393,"score":2,"markerLocationType":"Speaker","GameState":"teleop","markerType":"Speaker","markerColor":{"red":35,"green":222,"blue":255,"alpha":0.5}},"Speaker4":{"x":1,"y":11,"isMarkedOnce":"false","isSingleSpace":"false","gameState":"teleop","ampState":"","spotlitState":"","teamNumber":"5411","timestamp":29.48968774200057,"score":2,"markerLocationType":"Speaker","GameState":"teleop","markerType":"Speaker","markerColor":{"red":35,"green":222,"blue":255,"alpha":0.5}},"Speaker5":{"x":1,"y":11,"isMarkedOnce":"false","isSingleSpace":"false","gameState":"teleop","ampState":"","spotlitState":"","teamNumber":"5411","timestamp":29.938240038000004,"score":2,"markerLocationType":"Speaker","GameState":"teleop","markerType":"Speaker","markerColor":{"red":35,"green":222,"blue":255,"alpha":0.5}},"Amplifier1":{"x":8,"y":1,"isMarkedOnce":"false","isSingleSpace":"false","gameState":"teleop","ampState":"","spotlitState":"","teamNumber":"2468","timestamp":37.54228719999992,"score":1,"markerLocationType":"Amplifier","GameState":"teleop","markerType":"Amplifier","markerColor":{"red":174,"green":68,"blue":255,"alpha":0.5}},"Amplifier2":{"x":8,"y":0,"isMarkedOnce":"false","isSingleSpace":"false","gameState":"teleop","ampState":"","spotlitState":"","teamNumber":"2468","timestamp":45.35859756600075,"score":1,"markerLocationType":"Amplifier","GameState":"teleop","markerType":"Amplifier","markerColor":{"red":174,"green":68,"blue":255,"alpha":0.5}},"Speaker6":{"x":1,"y":11,"isMarkedOnce":"false","isSingleSpace":"false","gameState":"teleop","ampState":"","spotlitState":"","teamNumber":"2582","timestamp":47.49027219399977,"score":2,"markerLocationType":"Speaker","GameState":"teleop","markerType":"Speaker","markerColor":{"red":10,"green":35,"blue":255,"alpha":0.5}},"Speaker7":{"x":1,"y":12,"isMarkedOnce":"false","isSingleSpace":"false","gameState":"teleop","ampState":"","spotlitState":"","teamNumber":"5411","timestamp":57.220504503000484,"score":2,"markerLocationType":"Speaker","GameState":"teleop","markerType":"Speaker","markerColor":{"red":35,"green":222,"blue":255,"alpha":0.5}},"Amplifier3":{"x":7,"y":0,"isMarkedOnce":"false","isSingleSpace":"false","gameState":"teleop","ampState":"","spotlitState":"","teamNumber":"2582","timestamp":66.37693768300142,"score":1,"markerLocationType":"Amplifier","GameState":"teleop","markerType":"Amplifier","markerColor":{"red":10,"green":35,"blue":255,"alpha":0.5}},"Amplifier4":{"x":7,"y":1,"isMarkedOnce":"false","isSingleSpace":"false","gameState":"teleop","ampState":"","spotlitState":"","teamNumber":"2582","timestamp":76.43666914000005,"score":1,"markerLocationType":"Amplifier","GameState":"teleop","markerType":"Amplifier","markerColor":{"red":10,"green":35,"blue":255,"alpha":0.5}},"Speaker8":{"x":0,"y":11,"isMarkedOnce":"false","isSingleSpace":"false","gameState":"teleop","ampState":"","spotlitState":"","teamNumber":"2468","timestamp":77.85409469499973,"score":2,"markerLocationType":"Speaker","GameState":"teleop","markerType":"Speaker","markerColor":{"red":174,"green":68,"blue":255,"alpha":0.5}},"Amplifier5":{"x":7,"y":1,"isMarkedOnce":"false","isSingleSpace":"false","gameState":"teleop","ampState":"","spotlitState":"","teamNumber":"2582","timestamp":93.78765296300116,"score":1,"markerLocationType":"Amplifier","GameState":"teleop","markerType":"Amplifier","markerColor":{"red":10,"green":35,"blue":255,"alpha":0.5}},"Amplifier6":{"x":7,"y":1,"isMarkedOnce":"false","isSingleSpace":"false","gameState":"teleop","ampState":"","spotlitState":"","teamNumber":"2582","timestamp":98.42484033100118,"score":1,"markerLocationType":"Amplifier","GameState":"teleop","markerType":"Amplifier","markerColor":{"red":10,"green":35,"blue":255,"alpha":0.5}},"Amplifier7":{"x":7,"y":1,"isMarkedOnce":"false","isSingleSpace":"false","gameState":"teleop","ampState":"","spotlitState":"","teamNumber":"2468","timestamp":114.46302811700116,"score":1,"markerLocationType":"Amplifier","GameState":"teleop","markerType":"Amplifier","markerColor":{"red":174,"green":68,"blue":255,"alpha":0.5}},"Speaker9":{"x":1,"y":11,"isMarkedOnce":"false","isSingleSpace":"false","gameState":"teleop","ampState":"","spotlitState":"","teamNumber":"2468","timestamp":115.52348074600104,"score":2,"markerLocationType":"Speaker","GameState":"teleop","markerType":"Speaker","markerColor":{"red":174,"green":68,"blue":255,"alpha":0.5}},"Speaker10":{"x":0,"y":10,"isMarkedOnce":"false","isSingleSpace":"false","gameState":"teleop","ampState":"","spotlitState":"","teamNumber":"2468","timestamp":123.80905620400063,"score":2,"markerLocationType":"Speaker","GameState":"teleop","markerType":"Speaker","markerColor":{"red":174,"green":68,"blue":255,"alpha":0.5}},"Speaker11":{"x":1,"y":10,"isMarkedOnce":"false","isSingleSpace":"false","gameState":"teleop","ampState":"","spotlitState":"","teamNumber":"2582","timestamp":125.17550786999982,"score":2,"markerLocationType":"Speaker","GameState":"teleop","markerType":"Speaker","markerColor":{"red":10,"green":35,"blue":255,"alpha":0.5}},"Speaker12":{"x":1,"y":11,"isMarkedOnce":"false","isSingleSpace":"false","gameState":"teleop","ampState":"","spotlitState":"","teamNumber":"2468","timestamp":145.5899714139996,"score":2,"markerLocationType":"Speaker","GameState":"teleop","markerType":"Speaker","markerColor":{"red":174,"green":68,"blue":255,"alpha":0.5}},"Trap1":{"x":18,"y":15,"isMarkedOnce":"true","isSingleSpace":"true","gameState":"teleop","ampState":"","spotlitState":"","teamNumber":"2582","timestamp":159.88475320100042,"score":5,"markerLocationCoordinates":{"x":"-50","y":"-135","w":"20","h":"40"},"markerRotation":"120","markerLocationType":"Trap1","GameState":"teleop","markerType":"Trap","markerColor":{"red":10,"green":35,"blue":255,"alpha":0.5}},"Onstage2.2":{"x":18,"y":8,"isMarkedOnce":"true","isSingleSpace":"true","gameState":"teleop","ampState":"","spotlitState":"","teamNumber":"2468","timestamp":162.72426579200146,"score":3,"markerLocationCoordinates":{"x":"-44","y":"-165","w":"8","h":"75"},"markerRotation":"60","markerLocationType":"Onstage2.2","GameState":"teleop","markerType":"Onstage","markerColor":{"red":174,"green":68,"blue":255,"alpha":0.5}},"Onstage2.3":{"x":19,"y":8,"isMarkedOnce":"true","isSingleSpace":"true","gameState":"teleop","ampState":"","spotlitState":"","teamNumber":"2468","timestamp":176.4545083210005,"score":3,"markerLocationCoordinates":{"x":"-44","y":"-240","w":"8","h":"75"},"markerRotation":"60","markerLocationType":"Onstage2.3","GameState":"teleop","markerType":"Onstage","markerColor":{"red":174,"green":68,"blue":255,"alpha":0.5}}},"teams":[{"scout":"Michael","teamNumber":"2468","idx":1,"allianceColor":"blue","markerColor":{"red":174,"green":68,"blue":255,"alpha":0.5},"gameState":{"markerScore":0,"parkingScore":0,"parkingState":"","auton":{"markerScore":0,"parkingScore":0,"parkingState":""},"teleop":{"markerScore":0,"parkingScore":0,"parkingState":""}},"teleopScore":{"Score":0,"TeleopScore":11,"AutonScore":0,"AmpScore":3,"AmpCount":3,"SpeakerScore":8,"SpeakerCount":4,"TrapScore":0,"TrapCount":0,"AmplifiedCount":0,"AmplifiedScore":0,"MobileScore":0,"OnStageScore":0,"SpotlightScore":0,"ParkingScore":0,"HarmonyScore":0,"PassingCount":0},"autonScore":{"Score":0,"TeleopScore":0,"AutonScore":0,"AmpScore":0,"AmpCount":0,"SpeakerScore":0,"SpeakerCount":0,"TrapScore":0,"TrapCount":0,"AmplifiedCount":0,"AmplifiedScore":0,"MobileScore":0,"OnStageScore":0,"SpotlightScore":0,"ParkingScore":0,"HarmonyScore":0,"PassingCount":0},"passes":0,"connection":true,"onStage":false,"mobile":true,"isDisabled":0,"gameStateScore":"{\"markerScore\":0,\"parkingScore\":0,\"parkingState\":\"\",\"auton\":{\"markerScore\":0,\"parkingScore\":0,\"parkingState\":\"\"},\"teleop\":{\"markerScore\":0,\"parkingScore\":0,\"parkingState\":\"\"}}"},{"scout":"Swetha","teamNumber":"5411","idx":2,"allianceColor":"blue","markerColor":{"red":35,"green":222,"blue":255,"alpha":0.5},"gameState":{"markerScore":0,"parkingScore":0,"parkingState":"","teleop":{"markerScore":0,"parkingScore":0,"parkingState":""}},"teleopScore":{"Score":0,"TeleopScore":10,"AutonScore":0,"AmpScore":0,"AmpCount":0,"SpeakerScore":10,"SpeakerCount":5,"TrapScore":0,"TrapCount":0,"AmplifiedCount":0,"AmplifiedScore":0,"MobileScore":0,"OnStageScore":0,"SpotlightScore":0,"ParkingScore":0,"HarmonyScore":0,"PassingCount":0},"autonScore":{"Score":0,"TeleopScore":0,"AutonScore":0,"AmpScore":0,"AmpCount":0,"SpeakerScore":0,"SpeakerCount":0,"TrapScore":0,"TrapCount":0,"AmplifiedCount":0,"AmplifiedScore":0,"MobileScore":0,"OnStageScore":0,"SpotlightScore":0,"ParkingScore":0,"HarmonyScore":0,"PassingCount":0},"passes":0,"connection":true,"onStage":false,"mobile":true,"isDisabled":1,"gameStateScore":"{\"markerScore\":0,\"parkingScore\":0,\"parkingState\":\"\",\"teleop\":{\"markerScore\":0,\"parkingScore\":0,\"parkingState\":\"\"}}"},{"scout":"Karan","teamNumber":"2582","idx":3,"allianceColor":"blue","markerColor":{"red":10,"green":35,"blue":255,"alpha":0.5},"gameState":{"markerScore":0,"parkingScore":0,"parkingState":"","auton":{"markerScore":0,"parkingScore":0,"parkingState":""},"teleop":{"markerScore":0,"parkingScore":0,"parkingState":""}},"teleopScore":{"Score":0,"TeleopScore":9,"AutonScore":0,"AmpScore":4,"AmpCount":4,"SpeakerScore":4,"SpeakerCount":2,"TrapScore":5,"TrapCount":1,"AmplifiedCount":0,"AmplifiedScore":0,"MobileScore":0,"OnStageScore":0,"SpotlightScore":0,"ParkingScore":0,"HarmonyScore":0,"PassingCount":0},"autonScore":{"Score":0,"TeleopScore":0,"AutonScore":5,"AmpScore":0,"AmpCount":0,"SpeakerScore":5,"SpeakerCount":1,"TrapScore":0,"TrapCount":0,"AmplifiedCount":0,"AmplifiedScore":0,"MobileScore":0,"OnStageScore":0,"SpotlightScore":0,"ParkingScore":0,"HarmonyScore":0,"PassingCount":0},"passes":0,"connection":true,"onStage":false,"mobile":false,"isDisabled":0,"gameStateScore":"{\"markerScore\":0,\"parkingScore\":0,\"parkingState\":\"\",\"auton\":{\"markerScore\":0,\"parkingScore\":0,\"parkingState\":\"\"},\"teleop\":{\"markerScore\":0,\"parkingScore\":0,\"parkingState\":\"\"}}"}]},"red":{"totalScore":{"Score":31,"TeleopScore":21,"AutonScore":10,"AmpScore":1,"AmpCount":1,"SpeakerScore":30,"SpeakerCount":12,"TrapScore":0,"TrapCount":0,"AmplifiedCount":0,"AmplifiedScore":0,"MobileScore":0,"OnStageScore":0,"SpotlightScore":0,"ParkingScore":0,"HarmonyScore":0,"PassingCount":0},"preGameMarkers":{},"autonGameMarkers":{"Speaker1":{"x":27,"y":11,"isMarkedOnce":"false","isSingleSpace":"false","gameState":"auton","ampState":"","spotlitState":"","teamNumber":"2687","timestamp":0.7045902780000688,"score":5,"markerLocationType":"Speaker","GameState":"auton","markerType":"Speaker","markerColor":{"red":147,"green":255,"blue":89,"alpha":0.8}},"Speaker2":{"x":27,"y":11,"isMarkedOnce":"false","isSingleSpace":"false","gameState":"auton","ampState":"","spotlitState":"","teamNumber":"2687","timestamp":6.223235034000027,"score":5,"markerLocationType":"Speaker","GameState":"auton","markerType":"Speaker","markerColor":{"red":147,"green":255,"blue":89,"alpha":0.8}}},"teleopGameMarkers":{"Speaker3":{"x":26,"y":11,"isMarkedOnce":"false","isSingleSpace":"false","gameState":"teleop","ampState":"","spotlitState":"","teamNumber":"2687","timestamp":32.95499692500016,"score":2,"markerLocationType":"Speaker","GameState":"teleop","markerType":"Speaker","markerColor":{"red":147,"green":255,"blue":89,"alpha":0.5}},"Amplifier1":{"x":19,"y":1,"isMarkedOnce":"false","isSingleSpace":"false","gameState":"teleop","ampState":"","spotlitState":"","teamNumber":"2687","timestamp":47.3444798240007,"score":1,"markerLocationType":"Amplifier","GameState":"teleop","markerType":"Amplifier","markerColor":{"red":147,"green":255,"blue":89,"alpha":0.5}},"Speaker4":{"x":26,"y":11,"isMarkedOnce":"false","isSingleSpace":"false","gameState":"teleop","ampState":"","spotlitState":"","teamNumber":"2687","timestamp":52.88916696900105,"score":2,"markerLocationType":"Speaker","GameState":"teleop","markerType":"Speaker","markerColor":{"red":147,"green":255,"blue":89,"alpha":0.5}},"Speaker5":{"x":26,"y":12,"isMarkedOnce":"false","isSingleSpace":"false","gameState":"teleop","ampState":"","spotlitState":"","teamNumber":"2687","timestamp":63.86420003600051,"score":2,"markerLocationType":"Speaker","GameState":"teleop","markerType":"Speaker","markerColor":{"red":147,"green":255,"blue":89,"alpha":0.5}},"Speaker6":{"x":26,"y":11,"isMarkedOnce":"false","isSingleSpace":"false","gameState":"teleop","ampState":"","spotlitState":"","teamNumber":"2687","timestamp":76.10793093600114,"score":2,"markerLocationType":"Speaker","GameState":"teleop","markerType":"Speaker","markerColor":{"red":147,"green":255,"blue":89,"alpha":0.5}},"Speaker7":{"x":27,"y":11,"isMarkedOnce":"false","isSingleSpace":"false","gameState":"teleop","ampState":"","spotlitState":"","teamNumber":"2687","timestamp":86.7565471150001,"score":2,"markerLocationType":"Speaker","GameState":"teleop","markerType":"Speaker","markerColor":{"red":147,"green":255,"blue":89,"alpha":0.5}},"Speaker8":{"x":26,"y":11,"isMarkedOnce":"false","isSingleSpace":"false","gameState":"teleop","ampState":"","spotlitState":"","teamNumber":"2687","timestamp":98.28133940499993,"score":2,"markerLocationType":"Speaker","GameState":"teleop","markerType":"Speaker","markerColor":{"red":147,"green":255,"blue":89,"alpha":0.5}},"Speaker9":{"x":27,"y":11,"isMarkedOnce":"false","isSingleSpace":"false","gameState":"teleop","ampState":"","spotlitState":"","teamNumber":"2687","timestamp":110.93840980499954,"score":2,"markerLocationType":"Speaker","GameState":"teleop","markerType":"Speaker","markerColor":{"red":147,"green":255,"blue":89,"alpha":0.5}},"Speaker10":{"x":27,"y":11,"isMarkedOnce":"false","isSingleSpace":"false","gameState":"teleop","ampState":"","spotlitState":"","teamNumber":"2687","timestamp":117.3183488929999,"score":2,"markerLocationType":"Speaker","GameState":"teleop","markerType":"Speaker","markerColor":{"red":147,"green":255,"blue":89,"alpha":0.5}},"Speaker11":{"x":27,"y":10,"isMarkedOnce":"false","isSingleSpace":"false","gameState":"teleop","ampState":"","spotlitState":"","teamNumber":"2687","timestamp":127.84430021999924,"score":2,"markerLocationType":"Speaker","GameState":"teleop","markerType":"Speaker","markerColor":{"red":147,"green":255,"blue":89,"alpha":0.5}},"Speaker12":{"x":27,"y":11,"isMarkedOnce":"false","isSingleSpace":"false","gameState":"teleop","ampState":"","spotlitState":"","teamNumber":"2687","timestamp":139.7344174359996,"score":2,"markerLocationType":"Speaker","GameState":"teleop","markerType":"Speaker","markerColor":{"red":147,"green":255,"blue":89,"alpha":0.5}},"Onstage1.2":{"x":10,"y":18,"isMarkedOnce":"true","isSingleSpace":"true","gameState":"teleop","ampState":"","spotlitState":"","teamNumber":"2687","timestamp":155.6252439080008,"score":3,"markerLocationCoordinates":{"x":"15","y":"83","w":"8","h":"75"},"markerRotation":"60","markerLocationType":"Onstage1.2","GameState":"teleop","markerType":"Onstage","markerColor":{"red":147,"green":255,"blue":89,"alpha":0.5}}},"teams":[{"scout":"Cody","teamNumber":"5908","idx":4,"allianceColor":"red","markerColor":{"red":255,"green":255,"blue":66,"alpha":0.8},"gameState":{"markerScore":0,"parkingScore":0,"parkingState":""},"teleopScore":{"Score":0,"TeleopScore":0,"AutonScore":0,"AmpScore":0,"AmpCount":0,"SpeakerScore":0,"SpeakerCount":0,"TrapScore":0,"TrapCount":0,"AmplifiedCount":0,"AmplifiedScore":0,"MobileScore":0,"OnStageScore":0,"SpotlightScore":0,"ParkingScore":0,"HarmonyScore":0,"PassingCount":0},"autonScore":{"Score":0,"TeleopScore":0,"AutonScore":0,"AmpScore":0,"AmpCount":0,"SpeakerScore":0,"SpeakerCount":0,"TrapScore":0,"TrapCount":0,"AmplifiedCount":0,"AmplifiedScore":0,"MobileScore":0,"OnStageScore":0,"SpotlightScore":0,"ParkingScore":0,"HarmonyScore":0,"PassingCount":0},"passes":0,"connection":true,"onStage":false,"mobile":false,"isDisabled":1,"gameStateScore":"{\"markerScore\":0,\"parkingScore\":0,\"parkingState\":\"\",\"auton\":{\"markerScore\":0,\"parkingScore\":0,\"parkingState\":\"\"}}"},{"scout":"Aaditeya","teamNumber":"2687","idx":5,"allianceColor":"red","markerColor":{"red":147,"green":255,"blue":89,"alpha":0.5},"gameState":{"markerScore":0,"parkingScore":0,"parkingState":"","pregame":{"markerScore":0,"parkingScore":0,"parkingState":""},"auton":{"markerScore":0,"parkingScore":0,"parkingState":""},"teleop":{"markerScore":0,"parkingScore":0,"parkingState":""}},"teleopScore":{"Score":0,"TeleopScore":21,"AutonScore":0,"AmpScore":1,"AmpCount":1,"SpeakerScore":20,"SpeakerCount":10,"TrapScore":0,"TrapCount":0,"AmplifiedCount":0,"AmplifiedScore":0,"MobileScore":0,"OnStageScore":0,"SpotlightScore":0,"ParkingScore":0,"HarmonyScore":0,"PassingCount":0},"autonScore":{"Score":0,"TeleopScore":0,"AutonScore":10,"AmpScore":0,"AmpCount":0,"SpeakerScore":10,"SpeakerCount":2,"TrapScore":0,"TrapCount":0,"AmplifiedCount":0,"AmplifiedScore":0,"MobileScore":0,"OnStageScore":0,"SpotlightScore":0,"ParkingScore":0,"HarmonyScore":0,"PassingCount":0},"passes":0,"connection":true,"onStage":false,"mobile":true,"isDisabled":0,"gameStateScore":"{\"markerScore\":0,\"parkingScore\":0,\"parkingState\":\"\",\"pregame\":{\"markerScore\":0,\"parkingScore\":0,\"parkingState\":\"\"},\"auton\":{\"markerScore\":0,\"parkingScore\":0,\"parkingState\":\"\"},\"teleop\":{\"markerScore\":0,\"parkingScore\":0,\"parkingState\":\"\"}}"},{"scout":"Nandika","teamNumber":"7271","idx":6,"allianceColor":"red","markerColor":{"red":17,"green":144,"blue":255,"alpha":0.5},"gameState":{"markerScore":0,"parkingScore":0,"parkingState":""},"teleopScore":{"Score":0,"TeleopScore":0,"AutonScore":0,"AmpScore":0,"AmpCount":0,"SpeakerScore":0,"SpeakerCount":0,"TrapScore":0,"TrapCount":0,"AmplifiedCount":0,"AmplifiedScore":0,"MobileScore":0,"OnStageScore":0,"SpotlightScore":0,"ParkingScore":0,"HarmonyScore":0,"PassingCount":0},"autonScore":{"Score":0,"TeleopScore":0,"AutonScore":0,"AmpScore":0,"AmpCount":0,"SpeakerScore":0,"SpeakerCount":0,"TrapScore":0,"TrapCount":0,"AmplifiedCount":0,"AmplifiedScore":0,"MobileScore":0,"OnStageScore":0,"SpotlightScore":0,"ParkingScore":0,"HarmonyScore":0,"PassingCount":0},"passes":0,"connection":true,"onStage":false,"mobile":false,"isDisabled":1,"gameStateScore":"{\"markerScore\":0,\"parkingScore\":0,\"parkingState\":\"\",\"teleop\":{\"markerScore\":0,\"parkingScore\":0,\"parkingState\":\"\"}}"}]}}