{"matchNumber":"2","matchTime":293.82883786399987,"blue":{"totalScore":{"Score":53,"TeleopScore":33,"AutonScore":20,"AmpScore":0,"AmpCount":0,"SpeakerScore":48,"SpeakerCount":18,"TrapScore":5,"TrapCount":1,"AmplifiedCount":0,"AmplifiedScore":0,"MobileScore":0,"OnStageScore":0,"SpotlightScore":0,"ParkingScore":0,"HarmonyScore":0,"PassingCount":0},"preGameMarkers":{},"autonGameMarkers":{"Speaker1":{"x":0,"y":12,"isMarkedOnce":"false","isSingleSpace":"false","gameState":"auton","ampState":"","spotlitState":"","teamNumber":"3310","timestamp":1.916475876000277,"score":5,"markerLocationType":"Speaker","GameState":"auton","markerType":"Speaker","markerColor":{"red":53,"green":204,"blue":255,"alpha":0.8}},"Speaker2":{"x":0,"y":11,"isMarkedOnce":"false","isSingleSpace":"false","gameState":"auton","ampState":"","spotlitState":"","teamNumber":"2687","timestamp":5.729416042000082,"score":5,"markerLocationType":"Speaker","GameState":"auton","markerType":"Speaker","markerColor":{"red":43,"green":255,"blue":170,"alpha":0.8}},"Speaker3":{"x":1,"y":12,"isMarkedOnce":"false","isSingleSpace":"false","gameState":"auton","ampState":"","spotlitState":"","teamNumber":"2687","timestamp":8.108920582999986,"score":5,"markerLocationType":"Speaker","GameState":"auton","markerType":"Speaker","markerColor":{"red":43,"green":255,"blue":170,"alpha":0.8}},"Speaker4":{"x":0,"y":12,"isMarkedOnce":"false","isSingleSpace":"false","gameState":"auton","ampState":"","spotlitState":"","teamNumber":"2687","timestamp":10.904506732000073,"score":5,"markerLocationType":"Speaker","GameState":"auton","markerType":"Speaker","markerColor":{"red":43,"green":255,"blue":170,"alpha":0.8}}},"teleopGameMarkers":{"Speaker5":{"x":1,"y":12,"isMarkedOnce":"false","isSingleSpace":"false","gameState":"teleop","ampState":"","spotlitState":"","teamNumber":"3310","timestamp":34.480610832000195,"score":2,"markerLocationType":"Speaker","GameState":"teleop","markerType":"Speaker","markerColor":{"red":53,"green":204,"blue":255,"alpha":0.5}},"Speaker6":{"x":1,"y":12,"isMarkedOnce":"false","isSingleSpace":"false","gameState":"teleop","ampState":"","spotlitState":"","teamNumber":"3310","timestamp":40.713374892000104,"score":2,"markerLocationType":"Speaker","GameState":"teleop","markerType":"Speaker","markerColor":{"red":53,"green":204,"blue":255,"alpha":0.5}},"Speaker7":{"x":1,"y":11,"isMarkedOnce":"false","isSingleSpace":"false","gameState":"teleop","ampState":"","spotlitState":"","teamNumber":"3310","timestamp":45.82222176300036,"score":2,"markerLocationType":"Speaker","GameState":"teleop","markerType":"Speaker","markerColor":{"red":53,"green":204,"blue":255,"alpha":0.5}},"Speaker8":{"x":1,"y":12,"isMarkedOnce":"false","isSingleSpace":"false","gameState":"teleop","ampState":"","spotlitState":"","teamNumber":"3310","timestamp":59.350880916000335,"score":2,"markerLocationType":"Speaker","GameState":"teleop","markerType":"Speaker","markerColor":{"red":53,"green":204,"blue":255,"alpha":0.5}},"Speaker9":{"x":1,"y":11,"isMarkedOnce":"false","isSingleSpace":"false","gameState":"teleop","ampState":"","spotlitState":"","teamNumber":"2687","timestamp":62.27906607099999,"score":2,"markerLocationType":"Speaker","GameState":"teleop","markerType":"Speaker","markerColor":{"red":43,"green":255,"blue":170,"alpha":0.5}},"Speaker10":{"x":1,"y":12,"isMarkedOnce":"false","isSingleSpace":"false","gameState":"teleop","ampState":"","spotlitState":"","teamNumber":"3310","timestamp":64.4125004710001,"score":2,"markerLocationType":"Speaker","GameState":"teleop","markerType":"Speaker","markerColor":{"red":53,"green":204,"blue":255,"alpha":0.5}},"Speaker11":{"x":1,"y":11,"isMarkedOnce":"false","isSingleSpace":"false","gameState":"teleop","ampState":"","spotlitState":"","teamNumber":"3310","timestamp":73.67530846200003,"score":2,"markerLocationType":"Speaker","GameState":"teleop","markerType":"Speaker","markerColor":{"red":53,"green":204,"blue":255,"alpha":0.5}},"Speaker12":{"x":1,"y":11,"isMarkedOnce":"false","isSingleSpace":"false","gameState":"teleop","ampState":"","spotlitState":"","teamNumber":"2687","timestamp":77.44893530200005,"score":2,"markerLocationType":"Speaker","GameState":"teleop","markerType":"Speaker","markerColor":{"red":43,"green":255,"blue":170,"alpha":0.5}},"Speaker13":{"x":1,"y":11,"isMarkedOnce":"false","isSingleSpace":"false","gameState":"teleop","ampState":"","spotlitState":"","teamNumber":"3310","timestamp":88.92579665599999,"score":2,"markerLocationType":"Speaker","GameState":"teleop","markerType":"Speaker","markerColor":{"red":53,"green":204,"blue":255,"alpha":0.5}},"Speaker14":{"x":1,"y":11,"isMarkedOnce":"false","isSingleSpace":"false","gameState":"teleop","ampState":"","spotlitState":"","teamNumber":"2687","timestamp":93.82135357600032,"score":2,"markerLocationType":"Speaker","GameState":"teleop","markerType":"Speaker","markerColor":{"red":43,"green":255,"blue":170,"alpha":0.5}},"Speaker15":{"x":0,"y":11,"isMarkedOnce":"false","isSingleSpace":"false","gameState":"teleop","ampState":"","spotlitState":"","teamNumber":"3310","timestamp":97.64339909,"score":2,"markerLocationType":"Speaker","GameState":"teleop","markerType":"Speaker","markerColor":{"red":53,"green":204,"blue":255,"alpha":0.5}},"Speaker16":{"x":1,"y":12,"isMarkedOnce":"false","isSingleSpace":"false","gameState":"teleop","ampState":"","spotlitState":"","teamNumber":"2687","timestamp":104.47805392300012,"score":2,"markerLocationType":"Speaker","GameState":"teleop","markerType":"Speaker","markerColor":{"red":43,"green":255,"blue":170,"alpha":0.5}},"Speaker17":{"x":1,"y":11,"isMarkedOnce":"false","isSingleSpace":"false","gameState":"teleop","ampState":"","spotlitState":"","teamNumber":"3310","timestamp":106.88911222400009,"score":2,"markerLocationType":"Speaker","GameState":"teleop","markerType":"Speaker","markerColor":{"red":53,"green":204,"blue":255,"alpha":0.5}},"Speaker18":{"x":1,"y":12,"isMarkedOnce":"false","isSingleSpace":"false","gameState":"teleop","ampState":"","spotlitState":"","teamNumber":"2687","timestamp":113.7438706610003,"score":2,"markerLocationType":"Speaker","GameState":"teleop","markerType":"Speaker","markerColor":{"red":43,"green":255,"blue":170,"alpha":0.5}},"Trap1":{"x":19,"y":15,"isMarkedOnce":"true","isSingleSpace":"true","gameState":"teleop","ampState":"","spotlitState":"","teamNumber":"3310","timestamp":130.3077903380003,"score":5,"markerLocationCoordinates":{"x":"-50","y":"-135","w":"20","h":"40"},"markerRotation":"120","markerLocationType":"Trap1","GameState":"teleop","markerType":"Trap","markerColor":{"red":53,"green":204,"blue":255,"alpha":0.5}},"Onstage1.2":{"x":18,"y":18,"isMarkedOnce":"true","isSingleSpace":"true","gameState":"teleop","ampState":"","spotlitState":"","teamNumber":"3310","timestamp":131.134021706,"score":3,"markerLocationCoordinates":{"x":"15","y":"-145","w":"8","h":"75"},"markerRotation":"120","markerLocationType":"Onstage1.2","GameState":"teleop","markerType":"Onstage","markerColor":{"red":53,"green":204,"blue":255,"alpha":0.5}},"Spotlight1":{"x":19,"y":14,"isMarkedOnce":"true","isSingleSpace":"true","gameState":"teleop","ampState":"","spotlitState":"","teamNumber":"3310","timestamp":148.1875805280004,"score":0,"markerLocationCoordinates":{"x":"135","y":"2","w":"10","h":"0"},"markerRotation":"0","markerLocationType":"Spotlight1","GameState":"teleop","markerType":"Spotlight","markerColor":{"red":53,"green":204,"blue":255,"alpha":0.5}},"Onstage2.2":{"x":16,"y":9,"isMarkedOnce":"true","isSingleSpace":"true","gameState":"teleop","ampState":"","spotlitState":"","teamNumber":"2687","timestamp":150.201224711,"score":3,"markerLocationCoordinates":{"x":"-44","y":"-165","w":"8","h":"75"},"markerRotation":"60","markerLocationType":"Onstage2.2","GameState":"teleop","markerType":"Onstage","markerColor":{"red":43,"green":255,"blue":170,"alpha":0.5}}},"teams":[{"scout":"August","teamNumber":"3310","idx":1,"allianceColor":"blue","markerColor":{"red":53,"green":204,"blue":255,"alpha":0.5},"gameState":{"markerScore":0,"parkingScore":0,"parkingState":"","auton":{"markerScore":0,"parkingScore":0,"parkingState":""},"teleop":{"markerScore":0,"parkingScore":0,"parkingState":""}},"teleopScore":{"Score":0,"TeleopScore":19,"AutonScore":0,"AmpScore":0,"AmpCount":0,"SpeakerScore":18,"SpeakerCount":9,"TrapScore":5,"TrapCount":1,"AmplifiedCount":0,"AmplifiedScore":0,"MobileScore":0,"OnStageScore":0,"SpotlightScore":0,"ParkingScore":0,"HarmonyScore":0,"PassingCount":0},"autonScore":{"Score":0,"TeleopScore":0,"AutonScore":5,"AmpScore":0,"AmpCount":0,"SpeakerScore":5,"SpeakerCount":1,"TrapScore":0,"TrapCount":0,"AmplifiedCount":0,"AmplifiedScore":0,"MobileScore":0,"OnStageScore":0,"SpotlightScore":0,"ParkingScore":0,"HarmonyScore":0,"PassingCount":0},"passes":0,"connection":true,"onStage":false,"mobile":false,"isDisabled":0,"gameStateScore":"{\"markerScore\":0,\"parkingScore\":0,\"parkingState\":\"\",\"auton\":{\"markerScore\":0,\"parkingScore\":0,\"parkingState\":\"\"},\"teleop\":{\"markerScore\":0,\"parkingScore\":0,\"parkingState\":\"\"}}"},{"scout":"Roman","teamNumber":"7321","idx":3,"allianceColor":"blue","markerColor":{"red":255,"green":58,"blue":163,"alpha":1},"gameState":{"markerScore":0,"parkingScore":0,"parkingState":""},"teleopScore":{"Score":0,"TeleopScore":0,"AutonScore":0,"AmpScore":0,"AmpCount":0,"SpeakerScore":0,"SpeakerCount":0,"TrapScore":0,"TrapCount":0,"AmplifiedCount":0,"AmplifiedScore":0,"MobileScore":0,"OnStageScore":0,"SpotlightScore":0,"ParkingScore":0,"HarmonyScore":0,"PassingCount":0},"autonScore":{"Score":0,"TeleopScore":0,"AutonScore":0,"AmpScore":0,"AmpCount":0,"SpeakerScore":0,"SpeakerCount":0,"TrapScore":0,"TrapCount":0,"AmplifiedCount":0,"AmplifiedScore":0,"MobileScore":0,"OnStageScore":0,"SpotlightScore":0,"ParkingScore":0,"HarmonyScore":0,"PassingCount":0},"passes":0,"connection":true,"onStage":false,"mobile":false,"isDisabled":0},{"scout":"Salah","teamNumber":"2687","idx":2,"allianceColor":"blue","markerColor":{"red":43,"green":255,"blue":170,"alpha":0.5},"gameState":{"markerScore":0,"parkingScore":0,"parkingState":"","auton":{"markerScore":0,"parkingScore":0,"parkingState":""},"teleop":{"markerScore":0,"parkingScore":0,"parkingState":""}},"teleopScore":{"Score":0,"TeleopScore":10,"AutonScore":0,"AmpScore":0,"AmpCount":0,"SpeakerScore":10,"SpeakerCount":5,"TrapScore":0,"TrapCount":0,"AmplifiedCount":0,"AmplifiedScore":0,"MobileScore":0,"OnStageScore":0,"SpotlightScore":0,"ParkingScore":0,"HarmonyScore":0,"PassingCount":0},"autonScore":{"Score":0,"TeleopScore":0,"AutonScore":15,"AmpScore":0,"AmpCount":0,"SpeakerScore":15,"SpeakerCount":3,"TrapScore":0,"TrapCount":0,"AmplifiedCount":0,"AmplifiedScore":0,"MobileScore":0,"OnStageScore":0,"SpotlightScore":0,"ParkingScore":0,"HarmonyScore":0,"PassingCount":0},"passes":0,"connection":true,"onStage":false,"mobile":false,"isDisabled":0,"gameStateScore":"{\"markerScore\":0,\"parkingScore\":0,\"parkingState\":\"\",\"auton\":{\"markerScore\":0,\"parkingScore\":0,\"parkingState\":\"\"},\"teleop\":{\"markerScore\":0,\"parkingScore\":0,\"parkingState\":\"\"}}"}]},"red":{"totalScore":{"Score":39,"TeleopScore":24,"AutonScore":15,"AmpScore":6,"AmpCount":6,"SpeakerScore":33,"SpeakerCount":12,"TrapScore":0,"TrapCount":0,"AmplifiedCount":0,"AmplifiedScore":0,"MobileScore":0,"OnStageScore":0,"SpotlightScore":0,"ParkingScore":0,"HarmonyScore":0,"PassingCount":0},"preGameMarkers":{},"autonGameMarkers":{"Speaker1":{"x":27,"y":11,"isMarkedOnce":"false","isSingleSpace":"false","gameState":"auton","ampState":"","spotlitState":"","teamNumber":"9105","timestamp":4.620188624000207,"score":5,"markerLocationType":"Speaker","GameState":"auton","markerType":"Speaker","markerColor":{"red":245,"green":68,"blue":255,"alpha":0.8}},"Speaker2":{"x":26,"y":11,"isMarkedOnce":"false","isSingleSpace":"false","gameState":"auton","ampState":"","spotlitState":"","teamNumber":"7503","timestamp":5.490978541000288,"score":5,"markerLocationType":"Speaker","GameState":"auton","markerType":"Speaker","markerColor":{"red":17,"green":144,"blue":255,"alpha":0.8}},"Speaker3":{"x":26,"y":11,"isMarkedOnce":"false","isSingleSpace":"false","gameState":"auton","ampState":"","spotlitState":"","teamNumber":"9105","timestamp":6.856506696000224,"score":5,"markerLocationType":"Speaker","GameState":"auton","markerType":"Speaker","markerColor":{"red":245,"green":68,"blue":255,"alpha":0.8}}},"teleopGameMarkers":{"Speaker4":{"x":27,"y":11,"isMarkedOnce":"false","isSingleSpace":"false","gameState":"teleop","ampState":"","spotlitState":"","teamNumber":"9492","timestamp":32.909766622000404,"score":2,"markerLocationType":"Speaker","GameState":"teleop","markerType":"Speaker","markerColor":{"red":107,"green":255,"blue":146,"alpha":0.5}},"Speaker5":{"x":26,"y":10,"isMarkedOnce":"false","isSingleSpace":"false","gameState":"teleop","ampState":"","spotlitState":"","teamNumber":"9492","timestamp":35.64340279500004,"score":2,"markerLocationType":"Speaker","GameState":"teleop","markerType":"Speaker","markerColor":{"red":107,"green":255,"blue":146,"alpha":0.5}},"Speaker6":{"x":26,"y":11,"isMarkedOnce":"false","isSingleSpace":"false","gameState":"teleop","ampState":"","spotlitState":"","teamNumber":"7503","timestamp":46.75043711000029,"score":2,"markerLocationType":"Speaker","GameState":"teleop","markerType":"Speaker","markerColor":{"red":17,"green":144,"blue":255,"alpha":0.5}},"Amplifier1":{"x":20,"y":1,"isMarkedOnce":"false","isSingleSpace":"false","gameState":"teleop","ampState":"","spotlitState":"","teamNumber":"9492","timestamp":53.99853955999998,"score":1,"markerLocationType":"Amplifier","GameState":"teleop","markerType":"Amplifier","markerColor":{"red":107,"green":255,"blue":146,"alpha":0.5}},"Amplifier2":{"x":20,"y":1,"isMarkedOnce":"false","isSingleSpace":"false","gameState":"teleop","ampState":"","spotlitState":"","teamNumber":"9492","timestamp":62.84331150300011,"score":1,"markerLocationType":"Amplifier","GameState":"teleop","markerType":"Amplifier","markerColor":{"red":107,"green":255,"blue":146,"alpha":0.5}},"Amplifier3":{"x":20,"y":1,"isMarkedOnce":"false","isSingleSpace":"false","gameState":"teleop","ampState":"","spotlitState":"","teamNumber":"9492","timestamp":63.09020306200023,"score":1,"markerLocationType":"Amplifier","GameState":"teleop","markerType":"Amplifier","markerColor":{"red":107,"green":255,"blue":146,"alpha":0.5}},"Amplifier4":{"x":18,"y":1,"isMarkedOnce":"false","isSingleSpace":"false","gameState":"teleop","ampState":"","spotlitState":"","teamNumber":"9492","timestamp":64.92369896200023,"score":1,"markerLocationType":"Amplifier","GameState":"teleop","markerType":"Amplifier","markerColor":{"red":107,"green":255,"blue":146,"alpha":0.5}},"Speaker7":{"x":27,"y":12,"isMarkedOnce":"false","isSingleSpace":"false","gameState":"teleop","ampState":"","spotlitState":"","teamNumber":"9105","timestamp":74.59429311100024,"score":2,"markerLocationType":"Speaker","GameState":"teleop","markerType":"Speaker","markerColor":{"red":245,"green":68,"blue":255,"alpha":0.5}},"Speaker8":{"x":26,"y":10,"isMarkedOnce":"false","isSingleSpace":"false","gameState":"teleop","ampState":"","spotlitState":"","teamNumber":"9492","timestamp":87.45546370000022,"score":2,"markerLocationType":"Speaker","GameState":"teleop","markerType":"Speaker","markerColor":{"red":107,"green":255,"blue":146,"alpha":0.5}},"Speaker9":{"x":27,"y":10,"isMarkedOnce":"false","isSingleSpace":"false","gameState":"teleop","ampState":"","spotlitState":"","teamNumber":"9105","timestamp":102.54652424400024,"score":2,"markerLocationType":"Speaker","GameState":"teleop","markerType":"Speaker","markerColor":{"red":245,"green":68,"blue":255,"alpha":0.5}},"Speaker10":{"x":26,"y":11,"isMarkedOnce":"false","isSingleSpace":"false","gameState":"teleop","ampState":"","spotlitState":"","teamNumber":"9492","timestamp":105.12562301200023,"score":2,"markerLocationType":"Speaker","GameState":"teleop","markerType":"Speaker","markerColor":{"red":107,"green":255,"blue":146,"alpha":0.5}},"Amplifier5":{"x":18,"y":1,"isMarkedOnce":"false","isSingleSpace":"false","gameState":"teleop","ampState":"","spotlitState":"","teamNumber":"9492","timestamp":107.98257201200028,"score":1,"markerLocationType":"Amplifier","GameState":"teleop","markerType":"Amplifier","markerColor":{"red":107,"green":255,"blue":146,"alpha":0.5}},"Speaker11":{"x":27,"y":11,"isMarkedOnce":"false","isSingleSpace":"false","gameState":"teleop","ampState":"","spotlitState":"","teamNumber":"9105","timestamp":131.12567944300037,"score":2,"markerLocationType":"Speaker","GameState":"teleop","markerType":"Speaker","markerColor":{"red":245,"green":68,"blue":255,"alpha":0.5}},"Speaker12":{"x":26,"y":10,"isMarkedOnce":"false","isSingleSpace":"false","gameState":"teleop","ampState":"","spotlitState":"","teamNumber":"9492","timestamp":134.6630125000002,"score":2,"markerLocationType":"Speaker","GameState":"teleop","markerType":"Speaker","markerColor":{"red":107,"green":255,"blue":146,"alpha":0.5}},"Amplifier6":{"x":19,"y":1,"isMarkedOnce":"false","isSingleSpace":"false","gameState":"teleop","ampState":"","spotlitState":"","teamNumber":"9492","timestamp":139.32228791400001,"score":1,"markerLocationType":"Amplifier","GameState":"teleop","markerType":"Amplifier","markerColor":{"red":107,"green":255,"blue":146,"alpha":0.5}},"Onstage1.2":{"x":10,"y":18,"isMarkedOnce":"true","isSingleSpace":"true","gameState":"teleop","ampState":"","spotlitState":"","teamNumber":"7503","timestamp":150.2821843560003,"score":3,"markerLocationCoordinates":{"x":"15","y":"83","w":"8","h":"75"},"markerRotation":"60","markerLocationType":"Onstage1.2","GameState":"teleop","markerType":"Onstage","markerColor":{"red":17,"green":144,"blue":255,"alpha":0.5}}},"teams":[{"scout":"Pranav","teamNumber":"9105","idx":5,"allianceColor":"red","markerColor":{"red":245,"green":68,"blue":255,"alpha":0.5},"gameState":{"markerScore":0,"parkingScore":0,"parkingState":"","auton":{"markerScore":0,"parkingScore":0,"parkingState":""},"teleop":{"markerScore":0,"parkingScore":0,"parkingState":""}},"teleopScore":{"Score":0,"TeleopScore":6,"AutonScore":0,"AmpScore":0,"AmpCount":0,"SpeakerScore":6,"SpeakerCount":3,"TrapScore":0,"TrapCount":0,"AmplifiedCount":0,"AmplifiedScore":0,"MobileScore":0,"OnStageScore":0,"SpotlightScore":0,"ParkingScore":0,"HarmonyScore":0,"PassingCount":0},"autonScore":{"Score":0,"TeleopScore":0,"AutonScore":10,"AmpScore":0,"AmpCount":0,"SpeakerScore":10,"SpeakerCount":2,"TrapScore":0,"TrapCount":0,"AmplifiedCount":0,"AmplifiedScore":0,"MobileScore":0,"OnStageScore":0,"SpotlightScore":0,"ParkingScore":0,"HarmonyScore":0,"PassingCount":0},"passes":0,"connection":true,"onStage":false,"mobile":false,"isDisabled":0,"gameStateScore":"{\"markerScore\":0,\"parkingScore\":0,\"parkingState\":\"\",\"auton\":{\"markerScore\":0,\"parkingScore\":0,\"parkingState\":\"\"},\"teleop\":{\"markerScore\":0,\"parkingScore\":0,\"parkingState\":\"\"}}"},{"scout":"Caleb","teamNumber":"9492","idx":4,"allianceColor":"red","markerColor":{"red":107,"green":255,"blue":146,"alpha":0.5},"gameState":{"markerScore":0,"parkingScore":0,"parkingState":"","pregame":{"markerScore":0,"parkingScore":0,"parkingState":""},"teleop":{"markerScore":0,"parkingScore":0,"parkingState":""}},"teleopScore":{"Score":0,"TeleopScore":16,"AutonScore":0,"AmpScore":6,"AmpCount":6,"SpeakerScore":10,"SpeakerCount":5,"TrapScore":0,"TrapCount":0,"AmplifiedCount":0,"AmplifiedScore":0,"MobileScore":0,"OnStageScore":0,"SpotlightScore":0,"ParkingScore":0,"HarmonyScore":0,"PassingCount":0},"autonScore":{"Score":0,"TeleopScore":0,"AutonScore":0,"AmpScore":0,"AmpCount":0,"SpeakerScore":0,"SpeakerCount":0,"TrapScore":0,"TrapCount":0,"AmplifiedCount":0,"AmplifiedScore":0,"MobileScore":0,"OnStageScore":0,"SpotlightScore":0,"ParkingScore":0,"HarmonyScore":0,"PassingCount":0},"passes":0,"connection":true,"onStage":false,"mobile":false,"isDisabled":0,"gameStateScore":"{\"markerScore\":0,\"parkingScore\":0,\"parkingState\":\"\",\"pregame\":{\"markerScore\":0,\"parkingScore\":0,\"parkingState\":\"\"},\"teleop\":{\"markerScore\":0,\"parkingScore\":0,\"parkingState\":\"\"}}"},{"scout":"Minnah","teamNumber":"7503","idx":6,"allianceColor":"red","markerColor":{"red":17,"green":144,"blue":255,"alpha":0.5},"gameState":{"markerScore":0,"parkingScore":0,"parkingState":"","auton":{"markerScore":0,"parkingScore":0,"parkingState":""},"teleop":{"markerScore":0,"parkingScore":0,"parkingState":""}},"teleopScore":{"Score":0,"TeleopScore":2,"AutonScore":0,"AmpScore":0,"AmpCount":0,"SpeakerScore":2,"SpeakerCount":1,"TrapScore":0,"TrapCount":0,"AmplifiedCount":0,"AmplifiedScore":0,"MobileScore":0,"OnStageScore":0,"SpotlightScore":0,"ParkingScore":0,"HarmonyScore":0,"PassingCount":0},"autonScore":{"Score":0,"TeleopScore":0,"AutonScore":5,"AmpScore":0,"AmpCount":0,"SpeakerScore":5,"SpeakerCount":1,"TrapScore":0,"TrapCount":0,"AmplifiedCount":0,"AmplifiedScore":0,"MobileScore":0,"OnStageScore":0,"SpotlightScore":0,"ParkingScore":0,"HarmonyScore":0,"PassingCount":0},"passes":0,"connection":true,"onStage":false,"mobile":false,"isDisabled":0,"gameStateScore":"{\"markerScore\":0,\"parkingScore\":0,\"parkingState\":\"\",\"auton\":{\"markerScore\":0,\"parkingScore\":0,\"parkingState\":\"\"},\"teleop\":{\"markerScore\":0,\"parkingScore\":0,\"parkingState\":\"\"}}"}]}}