{"matchNumber":"23","matchTime":3246.970543065,"blue":{"totalScore":{"Score":102,"TeleopScore":77,"AutonScore":25,"AmpScore":7,"AmpCount":7,"SpeakerScore":45,"SpeakerCount":15,"TrapScore":5,"TrapCount":1,"AmplifiedCount":9,"AmplifiedScore":45,"MobileScore":0,"OnStageScore":0,"SpotlightScore":0,"ParkingScore":0,"HarmonyScore":0,"PassingCount":0},"preGameMarkers":{},"autonGameMarkers":{"Speaker1":{"x":1,"y":11,"isMarkedOnce":"false","isSingleSpace":"false","gameState":"auton","ampState":"","spotlitState":"","teamNumber":"8088","timestamp":3.858842404999905,"score":5,"markerLocationType":"Speaker","GameState":"auton","markerType":"Speaker","markerColor":{"red":174,"green":68,"blue":255,"alpha":0.8}},"Speaker2":{"x":0,"y":11,"isMarkedOnce":"false","isSingleSpace":"false","gameState":"auton","ampState":"","spotlitState":"","teamNumber":"3310","timestamp":5.252114719000019,"score":5,"markerLocationType":"Speaker","GameState":"auton","markerType":"Speaker","markerColor":{"red":35,"green":222,"blue":255,"alpha":0.8}},"Speaker3":{"x":0,"y":12,"isMarkedOnce":"false","isSingleSpace":"false","gameState":"auton","ampState":"","spotlitState":"","teamNumber":"8088","timestamp":7.301393403000475,"score":5,"markerLocationType":"Speaker","GameState":"auton","markerType":"Speaker","markerColor":{"red":174,"green":68,"blue":255,"alpha":0.8}},"Speaker4":{"x":1,"y":11,"isMarkedOnce":"false","isSingleSpace":"false","gameState":"auton","ampState":"","spotlitState":"","teamNumber":"3005","timestamp":14.621151676000409,"score":5,"markerLocationType":"Speaker","GameState":"auton","markerType":"Speaker","markerColor":{"red":10,"green":35,"blue":255,"alpha":0.8}},"Speaker5":{"x":1,"y":11,"isMarkedOnce":"false","isSingleSpace":"false","gameState":"auton","ampState":"","spotlitState":"","teamNumber":"3310","timestamp":14.65802208299965,"score":5,"markerLocationType":"Speaker","GameState":"auton","markerType":"Speaker","markerColor":{"red":35,"green":222,"blue":255,"alpha":0.8}}},"teleopGameMarkers":{"Amplifier1":{"x":7,"y":0,"isMarkedOnce":"false","isSingleSpace":"false","gameState":"teleop","ampState":"","spotlitState":"","teamNumber":"3005","timestamp":27.678840408999804,"score":1,"markerLocationType":"Amplifier","GameState":"teleop","markerType":"Amplifier","markerColor":{"red":10,"green":35,"blue":255,"alpha":0.5}},"Amplifier2":{"x":7,"y":1,"isMarkedOnce":"false","isSingleSpace":"false","gameState":"teleop","ampState":"","spotlitState":"","teamNumber":"3005","timestamp":34.34107446100006,"score":1,"markerLocationType":"Amplifier","GameState":"teleop","markerType":"Amplifier","markerColor":{"red":10,"green":35,"blue":255,"alpha":0.5}},"Speaker6":{"x":1,"y":11,"isMarkedOnce":"false","isSingleSpace":"false","gameState":"teleop","ampState":"","spotlitState":"","teamNumber":"3310","timestamp":34.49770405299978,"score":2,"markerLocationType":"Speaker","GameState":"teleop","markerType":"Speaker","markerColor":{"red":35,"green":222,"blue":255,"alpha":0.5}},"Speaker7":{"x":1,"y":11,"isMarkedOnce":"false","isSingleSpace":"false","gameState":"teleop","ampState":"","spotlitState":"","teamNumber":"8088","timestamp":37.0168268110001,"score":2,"markerLocationType":"Speaker","GameState":"teleop","markerType":"Speaker","markerColor":{"red":174,"green":68,"blue":255,"alpha":0.5}},"Speaker8":{"x":1,"y":12,"isMarkedOnce":"false","isSingleSpace":"false","gameState":"teleop","ampState":"","spotlitState":"","teamNumber":"8088","timestamp":39.20276242099999,"score":2,"markerLocationType":"Speaker","GameState":"teleop","markerType":"Speaker","markerColor":{"red":174,"green":68,"blue":255,"alpha":0.5}},"Speaker9":{"x":1,"y":12,"isMarkedOnce":"false","isSingleSpace":"false","gameState":"teleop","ampState":"","spotlitState":"","teamNumber":"3005","timestamp":41.88977947500007,"score":2,"markerLocationType":"Speaker","GameState":"teleop","markerType":"Speaker","markerColor":{"red":10,"green":35,"blue":255,"alpha":0.5}},"Speaker10":{"x":1,"y":12,"isMarkedOnce":"false","isSingleSpace":"false","gameState":"teleop","ampState":"","spotlitState":"","teamNumber":"3005","timestamp":48.94724295199967,"score":2,"markerLocationType":"Speaker","GameState":"teleop","markerType":"Speaker","markerColor":{"red":10,"green":35,"blue":255,"alpha":0.5}},"Amplified1":{"x":1,"y":11,"isMarkedOnce":"false","isSingleSpace":"false","gameState":"teleop","ampState":"","spotlitState":"","teamNumber":"3005","timestamp":52.37968633900027,"score":2,"markerLocationType":"Speaker","GameState":"teleop","markerType":"Amplified","markerColor":{"red":10,"green":35,"blue":255,"alpha":0.5}},"Amplified2":{"x":1,"y":11,"isMarkedOnce":"false","isSingleSpace":"false","gameState":"teleop","ampState":"","spotlitState":"","teamNumber":"8088","timestamp":53.160026672000185,"score":2,"markerLocationType":"Speaker","GameState":"teleop","markerType":"Amplified","markerColor":{"red":174,"green":68,"blue":255,"alpha":0.5}},"Amplified3":{"x":1,"y":11,"isMarkedOnce":"false","isSingleSpace":"false","gameState":"teleop","ampState":"","spotlitState":"","teamNumber":"3005","timestamp":58.51036414999999,"score":2,"markerLocationType":"Speaker","GameState":"teleop","markerType":"Amplified","markerColor":{"red":10,"green":35,"blue":255,"alpha":0.5}},"Amplifier3":{"x":7,"y":1,"isMarkedOnce":"false","isSingleSpace":"false","gameState":"teleop","ampState":"","spotlitState":"","teamNumber":"3005","timestamp":63.77569446100051,"score":1,"markerLocationType":"Amplifier","GameState":"teleop","markerType":"Amplifier","markerColor":{"red":10,"green":35,"blue":255,"alpha":0.5}},"Speaker11":{"x":1,"y":12,"isMarkedOnce":"false","isSingleSpace":"false","gameState":"teleop","ampState":"","spotlitState":"","teamNumber":"8088","timestamp":67.23831999600043,"score":2,"markerLocationType":"Speaker","GameState":"teleop","markerType":"Speaker","markerColor":{"red":174,"green":68,"blue":255,"alpha":0.5}},"Amplifier4":{"x":6,"y":0,"isMarkedOnce":"false","isSingleSpace":"false","gameState":"teleop","ampState":"","spotlitState":"","teamNumber":"3005","timestamp":70.81726514199954,"score":1,"markerLocationType":"Amplifier","GameState":"teleop","markerType":"Amplifier","markerColor":{"red":10,"green":35,"blue":255,"alpha":0.5}},"Speaker12":{"x":1,"y":11,"isMarkedOnce":"false","isSingleSpace":"false","gameState":"teleop","ampState":"","spotlitState":"","teamNumber":"3005","timestamp":75.28112358399949,"score":2,"markerLocationType":"Speaker","GameState":"teleop","markerType":"Speaker","markerColor":{"red":10,"green":35,"blue":255,"alpha":0.5}},"Amplified4":{"x":1,"y":11,"isMarkedOnce":"false","isSingleSpace":"false","gameState":"teleop","ampState":"","spotlitState":"","teamNumber":"3005","timestamp":78.89535450799985,"score":2,"markerLocationType":"Speaker","GameState":"teleop","markerType":"Amplified","markerColor":{"red":10,"green":35,"blue":255,"alpha":0.5}},"Amplified5":{"x":1,"y":12,"isMarkedOnce":"false","isSingleSpace":"false","gameState":"teleop","ampState":"","spotlitState":"","teamNumber":"8088","timestamp":79.72380652599986,"score":2,"markerLocationType":"Speaker","GameState":"teleop","markerType":"Amplified","markerColor":{"red":174,"green":68,"blue":255,"alpha":0.5}},"Amplified6":{"x":1,"y":12,"isMarkedOnce":"false","isSingleSpace":"false","gameState":"teleop","ampState":"","spotlitState":"","teamNumber":"3005","timestamp":82.375361376,"score":2,"markerLocationType":"Speaker","GameState":"teleop","markerType":"Amplified","markerColor":{"red":10,"green":35,"blue":255,"alpha":0.5}},"Speaker13":{"x":0,"y":12,"isMarkedOnce":"false","isSingleSpace":"false","gameState":"teleop","ampState":"","spotlitState":"","teamNumber":"8088","timestamp":94.3866964799995,"score":2,"markerLocationType":"Speaker","GameState":"teleop","markerType":"Speaker","markerColor":{"red":174,"green":68,"blue":255,"alpha":0.5}},"Amplifier5":{"x":6,"y":1,"isMarkedOnce":"false","isSingleSpace":"false","gameState":"teleop","ampState":"","spotlitState":"","teamNumber":"3005","timestamp":99.99890073599954,"score":1,"markerLocationType":"Amplifier","GameState":"teleop","markerType":"Amplifier","markerColor":{"red":10,"green":35,"blue":255,"alpha":0.5}},"Amplifier6":{"x":7,"y":1,"isMarkedOnce":"false","isSingleSpace":"false","gameState":"teleop","ampState":"","spotlitState":"","teamNumber":"3005","timestamp":105.52734404800003,"score":1,"markerLocationType":"Amplifier","GameState":"teleop","markerType":"Amplifier","markerColor":{"red":10,"green":35,"blue":255,"alpha":0.5}},"Amplified7":{"x":0,"y":10,"isMarkedOnce":"false","isSingleSpace":"false","gameState":"teleop","ampState":"","spotlitState":"","teamNumber":"3005","timestamp":107.56053886100017,"score":2,"markerLocationType":"Speaker","GameState":"teleop","markerType":"Amplified","markerColor":{"red":10,"green":35,"blue":255,"alpha":0.5}},"Amplified8":{"x":1,"y":11,"isMarkedOnce":"false","isSingleSpace":"false","gameState":"teleop","ampState":"","spotlitState":"","teamNumber":"3005","timestamp":110.12661645200023,"score":2,"markerLocationType":"Speaker","GameState":"teleop","markerType":"Amplified","markerColor":{"red":10,"green":35,"blue":255,"alpha":0.5}},"Amplified9":{"x":1,"y":12,"isMarkedOnce":"false","isSingleSpace":"false","gameState":"teleop","ampState":"","spotlitState":"","teamNumber":"3005","timestamp":116.44067330000007,"score":2,"markerLocationType":"Speaker","GameState":"teleop","markerType":"Amplified","markerColor":{"red":10,"green":35,"blue":255,"alpha":0.5}},"Speaker14":{"x":0,"y":11,"isMarkedOnce":"false","isSingleSpace":"false","gameState":"teleop","ampState":"","spotlitState":"","teamNumber":"3005","timestamp":120.85047794600041,"score":2,"markerLocationType":"Speaker","GameState":"teleop","markerType":"Speaker","markerColor":{"red":10,"green":35,"blue":255,"alpha":0.5}},"Speaker15":{"x":1,"y":11,"isMarkedOnce":"false","isSingleSpace":"false","gameState":"teleop","ampState":"","spotlitState":"","teamNumber":"3005","timestamp":124.40141968499984,"score":2,"markerLocationType":"Speaker","GameState":"teleop","markerType":"Speaker","markerColor":{"red":10,"green":35,"blue":255,"alpha":0.5}},"Amplifier7":{"x":8,"y":1,"isMarkedOnce":"false","isSingleSpace":"false","gameState":"teleop","ampState":"","spotlitState":"","teamNumber":"3005","timestamp":129.45264551499986,"score":1,"markerLocationType":"Amplifier","GameState":"teleop","markerType":"Amplifier","markerColor":{"red":10,"green":35,"blue":255,"alpha":0.5}},"Onstage2.2":{"x":17,"y":9,"isMarkedOnce":"true","isSingleSpace":"true","gameState":"teleop","ampState":"","spotlitState":"","teamNumber":"3310","timestamp":134.50176717900058,"score":3,"markerLocationCoordinates":{"x":"-44","y":"-165","w":"8","h":"75"},"markerRotation":"60","markerLocationType":"Onstage2.2","GameState":"teleop","markerType":"Onstage","markerColor":{"red":35,"green":222,"blue":255,"alpha":0.5}},"Trap1":{"x":19,"y":15,"isMarkedOnce":"true","isSingleSpace":"true","gameState":"teleop","ampState":"","spotlitState":"","teamNumber":"3005","timestamp":147.28558868899972,"score":5,"markerLocationCoordinates":{"x":"-50","y":"-135","w":"20","h":"40"},"markerRotation":"120","markerLocationType":"Trap1","GameState":"teleop","markerType":"Trap","markerColor":{"red":10,"green":35,"blue":255,"alpha":0.5}},"Onstage1.1":{"x":14,"y":15,"isMarkedOnce":"true","isSingleSpace":"true","gameState":"teleop","ampState":"","spotlitState":"","teamNumber":"8088","timestamp":148.6008234660003,"score":3,"markerLocationCoordinates":{"x":"15","y":"-70","w":"8","h":"75"},"markerRotation":"120","markerLocationType":"Onstage1.1","GameState":"teleop","markerType":"Onstage","markerColor":{"red":174,"green":68,"blue":255,"alpha":0.5}},"Spotlight1":{"x":19,"y":14,"isMarkedOnce":"true","isSingleSpace":"true","gameState":"teleop","ampState":"","spotlitState":"","teamNumber":"3310","timestamp":153.67222807499957,"score":0,"markerLocationCoordinates":{"x":"135","y":"2","w":"10","h":"0"},"markerRotation":"0","markerLocationType":"Spotlight1","GameState":"teleop","markerType":"Spotlight","markerColor":{"red":35,"green":222,"blue":255,"alpha":0.5}}},"teams":[{"scout":"Michael","teamNumber":"8088","idx":1,"allianceColor":"blue","markerColor":{"red":174,"green":68,"blue":255,"alpha":0.5},"gameState":{"markerScore":0,"parkingScore":0,"parkingState":"","pregame":{"markerScore":0,"parkingScore":0,"parkingState":""},"auton":{"markerScore":0,"parkingScore":0,"parkingState":""},"teleop":{"markerScore":0,"parkingScore":0,"parkingState":""}},"teleopScore":{"Score":0,"TeleopScore":53,"AutonScore":0,"AmpScore":0,"AmpCount":0,"SpeakerScore":8,"SpeakerCount":4,"TrapScore":0,"TrapCount":0,"AmplifiedCount":9,"AmplifiedScore":45,"MobileScore":0,"OnStageScore":0,"SpotlightScore":0,"ParkingScore":0,"HarmonyScore":0,"PassingCount":0},"autonScore":{"Score":0,"TeleopScore":0,"AutonScore":10,"AmpScore":0,"AmpCount":0,"SpeakerScore":10,"SpeakerCount":2,"TrapScore":0,"TrapCount":0,"AmplifiedCount":0,"AmplifiedScore":0,"MobileScore":0,"OnStageScore":0,"SpotlightScore":0,"ParkingScore":0,"HarmonyScore":0,"PassingCount":0},"passes":0,"connection":true,"onStage":false,"mobile":true,"isDisabled":0,"gameStateScore":"{\"markerScore\":0,\"parkingScore\":0,\"parkingState\":\"\",\"pregame\":{\"markerScore\":0,\"parkingScore\":0,\"parkingState\":\"\"},\"auton\":{\"markerScore\":0,\"parkingScore\":0,\"parkingState\":\"\"},\"teleop\":{\"markerScore\":0,\"parkingScore\":0,\"parkingState\":\"\"}}"},{"scout":"Swetha","teamNumber":"3310","idx":2,"allianceColor":"blue","markerColor":{"red":35,"green":222,"blue":255,"alpha":0.5},"gameState":{"markerScore":0,"parkingScore":0,"parkingState":"","auton":{"markerScore":0,"parkingScore":0,"parkingState":""},"teleop":{"markerScore":0,"parkingScore":0,"parkingState":""}},"teleopScore":{"Score":0,"TeleopScore":47,"AutonScore":0,"AmpScore":0,"AmpCount":0,"SpeakerScore":2,"SpeakerCount":1,"TrapScore":0,"TrapCount":0,"AmplifiedCount":9,"AmplifiedScore":45,"MobileScore":0,"OnStageScore":0,"SpotlightScore":0,"ParkingScore":0,"HarmonyScore":0,"PassingCount":0},"autonScore":{"Score":0,"TeleopScore":0,"AutonScore":10,"AmpScore":0,"AmpCount":0,"SpeakerScore":10,"SpeakerCount":2,"TrapScore":0,"TrapCount":0,"AmplifiedCount":0,"AmplifiedScore":0,"MobileScore":0,"OnStageScore":0,"SpotlightScore":0,"ParkingScore":0,"HarmonyScore":0,"PassingCount":0},"passes":0,"connection":true,"onStage":false,"mobile":true,"isDisabled":0,"gameStateScore":"{\"markerScore\":0,\"parkingScore\":0,\"parkingState\":\"\",\"auton\":{\"markerScore\":0,\"parkingScore\":0,\"parkingState\":\"\"},\"teleop\":{\"markerScore\":0,\"parkingScore\":0,\"parkingState\":\"\"}}"},{"scout":"Karan","teamNumber":"3005","idx":3,"allianceColor":"blue","markerColor":{"red":10,"green":35,"blue":255,"alpha":0.5},"gameState":{"markerScore":0,"parkingScore":0,"parkingState":"","auton":{"markerScore":0,"parkingScore":0,"parkingState":""},"teleop":{"markerScore":0,"parkingScore":0,"parkingState":""}},"teleopScore":{"Score":0,"TeleopScore":63,"AutonScore":0,"AmpScore":7,"AmpCount":7,"SpeakerScore":10,"SpeakerCount":5,"TrapScore":5,"TrapCount":1,"AmplifiedCount":9,"AmplifiedScore":45,"MobileScore":0,"OnStageScore":0,"SpotlightScore":0,"ParkingScore":0,"HarmonyScore":0,"PassingCount":0},"autonScore":{"Score":0,"TeleopScore":0,"AutonScore":5,"AmpScore":0,"AmpCount":0,"SpeakerScore":5,"SpeakerCount":1,"TrapScore":0,"TrapCount":0,"AmplifiedCount":0,"AmplifiedScore":0,"MobileScore":0,"OnStageScore":0,"SpotlightScore":0,"ParkingScore":0,"HarmonyScore":0,"PassingCount":0},"passes":0,"connection":true,"onStage":false,"mobile":false,"isDisabled":0,"gameStateScore":"{\"markerScore\":0,\"parkingScore\":0,\"parkingState\":\"\",\"auton\":{\"markerScore\":0,\"parkingScore\":0,\"parkingState\":\"\"},\"teleop\":{\"markerScore\":0,\"parkingScore\":0,\"parkingState\":\"\"}}"}]},"red":{"totalScore":{"Score":27,"TeleopScore":22,"AutonScore":5,"AmpScore":1,"AmpCount":1,"SpeakerScore":21,"SpeakerCount":9,"TrapScore":0,"TrapCount":0,"AmplifiedCount":1,"AmplifiedScore":5,"MobileScore":0,"OnStageScore":0,"SpotlightScore":0,"ParkingScore":0,"HarmonyScore":0,"PassingCount":0},"preGameMarkers":{},"autonGameMarkers":{"Speaker1":{"x":27,"y":11,"isMarkedOnce":"false","isSingleSpace":"false","gameState":"auton","ampState":"","spotlitState":"","teamNumber":"5411","timestamp":5.998842143999809,"score":5,"markerLocationType":"Speaker","GameState":"auton","markerType":"Speaker","markerColor":{"red":147,"green":255,"blue":89,"alpha":0.8}}},"teleopGameMarkers":{"Speaker2":{"x":26,"y":11,"isMarkedOnce":"false","isSingleSpace":"false","gameState":"teleop","ampState":"","spotlitState":"","teamNumber":"5411","timestamp":28.74833351899997,"score":2,"markerLocationType":"Speaker","GameState":"teleop","markerType":"Speaker","markerColor":{"red":147,"green":255,"blue":89,"alpha":0.5}},"Amplifier1":{"x":19,"y":1,"isMarkedOnce":"false","isSingleSpace":"false","gameState":"teleop","ampState":"","spotlitState":"","teamNumber":"418","timestamp":29.094226629999866,"score":1,"markerLocationType":"Amplifier","GameState":"teleop","markerType":"Amplifier","markerColor":{"red":17,"green":144,"blue":255,"alpha":0.5}},"Speaker3":{"x":26,"y":11,"isMarkedOnce":"false","isSingleSpace":"false","gameState":"teleop","ampState":"","spotlitState":"","teamNumber":"418","timestamp":36.67727031100003,"score":2,"markerLocationType":"Speaker","GameState":"teleop","markerType":"Speaker","markerColor":{"red":17,"green":144,"blue":255,"alpha":0.5}},"Speaker4":{"x":27,"y":11,"isMarkedOnce":"false","isSingleSpace":"false","gameState":"teleop","ampState":"","spotlitState":"","teamNumber":"5411","timestamp":42.15855419699983,"score":2,"markerLocationType":"Speaker","GameState":"teleop","markerType":"Speaker","markerColor":{"red":147,"green":255,"blue":89,"alpha":0.5}},"Speaker5":{"x":26,"y":12,"isMarkedOnce":"false","isSingleSpace":"false","gameState":"teleop","ampState":"","spotlitState":"","teamNumber":"418","timestamp":110.39621423000017,"score":2,"markerLocationType":"Speaker","GameState":"teleop","markerType":"Speaker","markerColor":{"red":17,"green":144,"blue":255,"alpha":0.5}},"Amplified1":{"x":26,"y":12,"isMarkedOnce":"false","isSingleSpace":"false","gameState":"teleop","ampState":"","spotlitState":"","teamNumber":"5411","timestamp":116.79374194800039,"score":2,"markerLocationType":"Speaker","GameState":"teleop","markerType":"Amplified","markerColor":{"red":147,"green":255,"blue":89,"alpha":0.5}},"Speaker6":{"x":26,"y":12,"isMarkedOnce":"false","isSingleSpace":"false","gameState":"teleop","ampState":"","spotlitState":"","teamNumber":"418","timestamp":128.1347315160001,"score":2,"markerLocationType":"Speaker","GameState":"teleop","markerType":"Speaker","markerColor":{"red":17,"green":144,"blue":255,"alpha":0.5}},"Speaker7":{"x":26,"y":11,"isMarkedOnce":"false","isSingleSpace":"false","gameState":"teleop","ampState":"","spotlitState":"","teamNumber":"418","timestamp":137.64612999200017,"score":2,"markerLocationType":"Speaker","GameState":"teleop","markerType":"Speaker","markerColor":{"red":17,"green":144,"blue":255,"alpha":0.5}},"Speaker8":{"x":26,"y":11,"isMarkedOnce":"false","isSingleSpace":"false","gameState":"teleop","ampState":"","spotlitState":"","teamNumber":"418","timestamp":147.9583448190001,"score":2,"markerLocationType":"Speaker","GameState":"teleop","markerType":"Speaker","markerColor":{"red":17,"green":144,"blue":255,"alpha":0.5}},"Speaker9":{"x":26,"y":11,"isMarkedOnce":"false","isSingleSpace":"false","gameState":"teleop","ampState":"","spotlitState":"","teamNumber":"5411","timestamp":153.322615649,"score":2,"markerLocationType":"Speaker","GameState":"teleop","markerType":"Speaker","markerColor":{"red":147,"green":255,"blue":89,"alpha":0.5}}},"teams":[{"scout":"Cody","teamNumber":"5908","idx":4,"allianceColor":"red","markerColor":{"red":255,"green":255,"blue":66,"alpha":0.5},"gameState":{"markerScore":0,"parkingScore":0,"parkingState":""},"teleopScore":{"Score":0,"TeleopScore":0,"AutonScore":0,"AmpScore":0,"AmpCount":0,"SpeakerScore":0,"SpeakerCount":0,"TrapScore":0,"TrapCount":0,"AmplifiedCount":0,"AmplifiedScore":0,"MobileScore":0,"OnStageScore":0,"SpotlightScore":0,"ParkingScore":0,"HarmonyScore":0,"PassingCount":0},"autonScore":{"Score":0,"TeleopScore":0,"AutonScore":0,"AmpScore":0,"AmpCount":0,"SpeakerScore":0,"SpeakerCount":0,"TrapScore":0,"TrapCount":0,"AmplifiedCount":0,"AmplifiedScore":0,"MobileScore":0,"OnStageScore":0,"SpotlightScore":0,"ParkingScore":0,"HarmonyScore":0,"PassingCount":0},"passes":0,"connection":true,"onStage":false,"mobile":false,"isDisabled":0,"gameStateScore":"{\"markerScore\":0,\"parkingScore\":0,\"parkingState\":\"\",\"teleop\":{\"markerScore\":0,\"parkingScore\":0,\"parkingState\":\"\"}}"},{"scout":"Aaditeya","teamNumber":"5411","idx":5,"allianceColor":"red","markerColor":{"red":147,"green":255,"blue":89,"alpha":0.5},"gameState":{"markerScore":0,"parkingScore":0,"parkingState":"","auton":{"markerScore":0,"parkingScore":0,"parkingState":""},"teleop":{"markerScore":0,"parkingScore":0,"parkingState":""}},"teleopScore":{"Score":0,"TeleopScore":11,"AutonScore":0,"AmpScore":0,"AmpCount":0,"SpeakerScore":6,"SpeakerCount":3,"TrapScore":0,"TrapCount":0,"AmplifiedCount":1,"AmplifiedScore":5,"MobileScore":0,"OnStageScore":0,"SpotlightScore":0,"ParkingScore":0,"HarmonyScore":0,"PassingCount":0},"autonScore":{"Score":0,"TeleopScore":0,"AutonScore":5,"AmpScore":0,"AmpCount":0,"SpeakerScore":5,"SpeakerCount":1,"TrapScore":0,"TrapCount":0,"AmplifiedCount":0,"AmplifiedScore":0,"MobileScore":0,"OnStageScore":0,"SpotlightScore":0,"ParkingScore":0,"HarmonyScore":0,"PassingCount":0},"passes":0,"connection":true,"onStage":false,"mobile":true,"isDisabled":0,"gameStateScore":"{\"markerScore\":0,\"parkingScore\":0,\"parkingState\":\"\",\"auton\":{\"markerScore\":0,\"parkingScore\":0,\"parkingState\":\"\"},\"teleop\":{\"markerScore\":0,\"parkingScore\":0,\"parkingState\":\"\"}}"},{"scout":"Nandika","teamNumber":"418","idx":6,"allianceColor":"red","markerColor":{"red":17,"green":144,"blue":255,"alpha":0.5},"gameState":{"markerScore":0,"parkingScore":0,"parkingState":"","teleop":{"markerScore":0,"parkingScore":0,"parkingState":""}},"teleopScore":{"Score":0,"TeleopScore":16,"AutonScore":0,"AmpScore":1,"AmpCount":1,"SpeakerScore":10,"SpeakerCount":5,"TrapScore":0,"TrapCount":0,"AmplifiedCount":1,"AmplifiedScore":5,"MobileScore":0,"OnStageScore":0,"SpotlightScore":0,"ParkingScore":0,"HarmonyScore":0,"PassingCount":0},"autonScore":{"Score":0,"TeleopScore":0,"AutonScore":0,"AmpScore":0,"AmpCount":0,"SpeakerScore":0,"SpeakerCount":0,"TrapScore":0,"TrapCount":0,"AmplifiedCount":0,"AmplifiedScore":0,"MobileScore":0,"OnStageScore":0,"SpotlightScore":0,"ParkingScore":0,"HarmonyScore":0,"PassingCount":0},"passes":0,"connection":true,"onStage":false,"mobile":false,"isDisabled":0,"gameStateScore":"{\"markerScore\":0,\"parkingScore\":0,\"parkingState\":\"\",\"teleop\":{\"markerScore\":0,\"parkingScore\":0,\"parkingState\":\"\"}}"}]}}