{
    "matchNumber": "31",
    "matchTime": 184.55943494600058,
    "blue": {
        "totalScore": {
            "Score": 36,
            "TeleopScore": 21,
            "AutonScore": 15,
            "AmpScore": 1,
            "AmpCount": 1,
            "SpeakerScore": 35,
            "SpeakerCount": 13,
            "TrapScore": 0,
            "TrapCount": 0,
            "AmplifiedCount": 0,
            "AmplifiedScore": 0,
            "MobileScore": 0,
            "OnStageScore": 0,
            "SpotlightScore": 0,
            "ParkingScore": 0,
            "HarmonyScore": 0,
            "PassingCount": 0
        },
        "preGameMarkers": {},
        "autonGameMarkers": {
            "Speaker1": {
                "x": 1,
                "y": 11,
                "isMarkedOnce": "false",
                "isSingleSpace": "false",
                "gameState": "auton",
                "ampState": "",
                "spotlitState": "",
                "teamNumber": "7506",
                "timestamp": 5.2744601999986855,
                "score": 5,
                "markerLocationType": "Speaker",
                "GameState": "auton",
                "markerType": "Speaker",
                "markerColor": {
                    "red": 10,
                    "green": 35,
                    "blue": 255,
                    "alpha": 0.8
                }
            },
            "Speaker2": {
                "x": 1,
                "y": 11,
                "isMarkedOnce": "false",
                "isSingleSpace": "false",
                "gameState": "auton",
                "ampState": "",
                "spotlitState": "",
                "teamNumber": "6672",
                "timestamp": 8.057803531998758,
                "score": 5,
                "markerLocationType": "Speaker",
                "GameState": "auton",
                "markerType": "Speaker",
                "markerColor": {
                    "red": 174,
                    "green": 68,
                    "blue": 255,
                    "alpha": 0.8
                }
            },
            "Speaker3": {
                "x": 0,
                "y": 10,
                "isMarkedOnce": "false",
                "isSingleSpace": "false",
                "gameState": "auton",
                "ampState": "",
                "spotlitState": "",
                "teamNumber": "9088",
                "timestamp": 12.721779695998862,
                "score": 5,
                "markerLocationType": "Speaker",
                "GameState": "auton",
                "markerType": "Speaker",
                "markerColor": {
                    "red": 35,
                    "green": 222,
                    "blue": 255,
                    "alpha": 0.8
                }
            }
        },
        "teleopGameMarkers": {
            "Amplifier1": {
                "x": 7,
                "y": 1,
                "isMarkedOnce": "false",
                "isSingleSpace": "false",
                "gameState": "teleop",
                "ampState": "",
                "spotlitState": "",
                "teamNumber": "6672",
                "timestamp": 39.08371610599943,
                "score": 1,
                "markerLocationType": "Amplifier",
                "GameState": "teleop",
                "markerType": "Amplifier",
                "markerColor": {
                    "red": 174,
                    "green": 68,
                    "blue": 255,
                    "alpha": 0.5
                }
            },
            "Speaker4": {
                "x": 0,
                "y": 13,
                "isMarkedOnce": "false",
                "isSingleSpace": "false",
                "gameState": "teleop",
                "ampState": "",
                "spotlitState": "",
                "teamNumber": "9088",
                "timestamp": 60.64372766700015,
                "score": 2,
                "markerLocationType": "Speaker",
                "GameState": "teleop",
                "markerType": "Speaker",
                "markerColor": {
                    "red": 35,
                    "green": 222,
                    "blue": 255,
                    "alpha": 0.5
                }
            },
            "Speaker5": {
                "x": 1,
                "y": 12,
                "isMarkedOnce": "false",
                "isSingleSpace": "false",
                "gameState": "teleop",
                "ampState": "",
                "spotlitState": "",
                "teamNumber": "6672",
                "timestamp": 79.21487856400012,
                "score": 2,
                "markerLocationType": "Speaker",
                "GameState": "teleop",
                "markerType": "Speaker",
                "markerColor": {
                    "red": 174,
                    "green": 68,
                    "blue": 255,
                    "alpha": 0.5
                }
            },
            "Speaker6": {
                "x": 1,
                "y": 11,
                "isMarkedOnce": "false",
                "isSingleSpace": "false",
                "gameState": "teleop",
                "ampState": "",
                "spotlitState": "",
                "teamNumber": "6672",
                "timestamp": 81.67372772900012,
                "score": 2,
                "markerLocationType": "Speaker",
                "GameState": "teleop",
                "markerType": "Speaker",
                "markerColor": {
                    "red": 174,
                    "green": 68,
                    "blue": 255,
                    "alpha": 0.5
                }
            },
            "Speaker7": {
                "x": 1,
                "y": 11,
                "isMarkedOnce": "false",
                "isSingleSpace": "false",
                "gameState": "teleop",
                "ampState": "",
                "spotlitState": "",
                "teamNumber": "6672",
                "timestamp": 91.94420312999932,
                "score": 2,
                "markerLocationType": "Speaker",
                "GameState": "teleop",
                "markerType": "Speaker",
                "markerColor": {
                    "red": 174,
                    "green": 68,
                    "blue": 255,
                    "alpha": 0.5
                }
            },
            "Speaker8": {
                "x": 1,
                "y": 10,
                "isMarkedOnce": "false",
                "isSingleSpace": "false",
                "gameState": "teleop",
                "ampState": "",
                "spotlitState": "",
                "teamNumber": "9088",
                "timestamp": 94.52094705499894,
                "score": 2,
                "markerLocationType": "Speaker",
                "GameState": "teleop",
                "markerType": "Speaker",
                "markerColor": {
                    "red": 35,
                    "green": 222,
                    "blue": 255,
                    "alpha": 0.5
                }
            },
            "Speaker9": {
                "x": 1,
                "y": 11,
                "isMarkedOnce": "false",
                "isSingleSpace": "false",
                "gameState": "teleop",
                "ampState": "",
                "spotlitState": "",
                "teamNumber": "9088",
                "timestamp": 111.54348026699944,
                "score": 2,
                "markerLocationType": "Speaker",
                "GameState": "teleop",
                "markerType": "Speaker",
                "markerColor": {
                    "red": 35,
                    "green": 222,
                    "blue": 255,
                    "alpha": 0.5
                }
            },
            "Speaker10": {
                "x": 0,
                "y": 10,
                "isMarkedOnce": "false",
                "isSingleSpace": "false",
                "gameState": "teleop",
                "ampState": "",
                "spotlitState": "",
                "teamNumber": "6672",
                "timestamp": 111.73587473000026,
                "score": 2,
                "markerLocationType": "Speaker",
                "GameState": "teleop",
                "markerType": "Speaker",
                "markerColor": {
                    "red": 174,
                    "green": 68,
                    "blue": 255,
                    "alpha": 0.5
                }
            },
            "Speaker11": {
                "x": 1,
                "y": 11,
                "isMarkedOnce": "false",
                "isSingleSpace": "false",
                "gameState": "teleop",
                "ampState": "",
                "spotlitState": "",
                "teamNumber": "9088",
                "timestamp": 124.79002027699909,
                "score": 2,
                "markerLocationType": "Speaker",
                "GameState": "teleop",
                "markerType": "Speaker",
                "markerColor": {
                    "red": 35,
                    "green": 222,
                    "blue": 255,
                    "alpha": 0.5
                }
            },
            "Speaker12": {
                "x": 1,
                "y": 10,
                "isMarkedOnce": "false",
                "isSingleSpace": "false",
                "gameState": "teleop",
                "ampState": "",
                "spotlitState": "",
                "teamNumber": "6672",
                "timestamp": 136.35960604799914,
                "score": 2,
                "markerLocationType": "Speaker",
                "GameState": "teleop",
                "markerType": "Speaker",
                "markerColor": {
                    "red": 174,
                    "green": 68,
                    "blue": 255,
                    "alpha": 0.5
                }
            },
            "Speaker13": {
                "x": 0,
                "y": 10,
                "isMarkedOnce": "false",
                "isSingleSpace": "false",
                "gameState": "teleop",
                "ampState": "",
                "spotlitState": "",
                "teamNumber": "6672",
                "timestamp": 144.32090865499896,
                "score": 2,
                "markerLocationType": "Speaker",
                "GameState": "teleop",
                "markerType": "Speaker",
                "markerColor": {
                    "red": 174,
                    "green": 68,
                    "blue": 255,
                    "alpha": 0.5
                }
            }
        },
        "teams": [
            {
                "scout": "Michael",
                "teamNumber": "6672",
                "idx": 1,
                "allianceColor": "blue",
                "markerColor": {
                    "red": 174,
                    "green": 68,
                    "blue": 255,
                    "alpha": 0.5
                },
                "gameState": {
                    "markerScore": 0,
                    "parkingScore": 0,
                    "parkingState": "",
                    "auton": {
                        "markerScore": 0,
                        "parkingScore": 0,
                        "parkingState": ""
                    },
                    "teleop": {
                        "markerScore": 0,
                        "parkingScore": 0,
                        "parkingState": ""
                    }
                },
                "teleopScore": {
                    "Score": 0,
                    "TeleopScore": 13,
                    "AutonScore": 0,
                    "AmpScore": 1,
                    "AmpCount": 1,
                    "SpeakerScore": 12,
                    "SpeakerCount": 6,
                    "TrapScore": 0,
                    "TrapCount": 0,
                    "AmplifiedCount": 0,
                    "AmplifiedScore": 0,
                    "MobileScore": 0,
                    "OnStageScore": 0,
                    "SpotlightScore": 0,
                    "ParkingScore": 0,
                    "HarmonyScore": 0,
                    "PassingCount": 0
                },
                "autonScore": {
                    "Score": 0,
                    "TeleopScore": 0,
                    "AutonScore": 5,
                    "AmpScore": 0,
                    "AmpCount": 0,
                    "SpeakerScore": 5,
                    "SpeakerCount": 1,
                    "TrapScore": 0,
                    "TrapCount": 0,
                    "AmplifiedCount": 0,
                    "AmplifiedScore": 0,
                    "MobileScore": 0,
                    "OnStageScore": 0,
                    "SpotlightScore": 0,
                    "ParkingScore": 0,
                    "HarmonyScore": 0,
                    "PassingCount": 0
                },
                "passes": 0,
                "connection": true,
                "onStage": false,
                "mobile": false,
                "isDisabled": 0,
                "gameStateScore": "{\"markerScore\":0,\"parkingScore\":0,\"parkingState\":\"\",\"auton\":{\"markerScore\":0,\"parkingScore\":0,\"parkingState\":\"\"},\"teleop\":{\"markerScore\":0,\"parkingScore\":0,\"parkingState\":\"\"}}"
            },
            {
                "scout": "Swetha",
                "teamNumber": "9088",
                "idx": 2,
                "allianceColor": "blue",
                "markerColor": {
                    "red": 35,
                    "green": 222,
                    "blue": 255,
                    "alpha": 0.5
                },
                "gameState": {
                    "markerScore": 0,
                    "parkingScore": 0,
                    "parkingState": "",
                    "auton": {
                        "markerScore": 0,
                        "parkingScore": 0,
                        "parkingState": ""
                    },
                    "teleop": {
                        "markerScore": 0,
                        "parkingScore": 0,
                        "parkingState": ""
                    }
                },
                "teleopScore": {
                    "Score": 0,
                    "TeleopScore": 8,
                    "AutonScore": 0,
                    "AmpScore": 0,
                    "AmpCount": 0,
                    "SpeakerScore": 8,
                    "SpeakerCount": 4,
                    "TrapScore": 0,
                    "TrapCount": 0,
                    "AmplifiedCount": 0,
                    "AmplifiedScore": 0,
                    "MobileScore": 0,
                    "OnStageScore": 0,
                    "SpotlightScore": 0,
                    "ParkingScore": 0,
                    "HarmonyScore": 0,
                    "PassingCount": 0
                },
                "autonScore": {
                    "Score": 0,
                    "TeleopScore": 0,
                    "AutonScore": 5,
                    "AmpScore": 0,
                    "AmpCount": 0,
                    "SpeakerScore": 5,
                    "SpeakerCount": 1,
                    "TrapScore": 0,
                    "TrapCount": 0,
                    "AmplifiedCount": 0,
                    "AmplifiedScore": 0,
                    "MobileScore": 0,
                    "OnStageScore": 0,
                    "SpotlightScore": 0,
                    "ParkingScore": 0,
                    "HarmonyScore": 0,
                    "PassingCount": 0
                },
                "passes": 0,
                "connection": true,
                "onStage": false,
                "mobile": false,
                "isDisabled": 0,
                "gameStateScore": "{\"markerScore\":0,\"parkingScore\":0,\"parkingState\":\"\",\"auton\":{\"markerScore\":0,\"parkingScore\":0,\"parkingState\":\"\"},\"teleop\":{\"markerScore\":0,\"parkingScore\":0,\"parkingState\":\"\"}}"
            },
            {
                "scout": "Karan",
                "teamNumber": "7506",
                "idx": 3,
                "allianceColor": "blue",
                "markerColor": {
                    "red": 10,
                    "green": 35,
                    "blue": 255,
                    "alpha": 0.8
                },
                "gameState": {
                    "markerScore": 0,
                    "parkingScore": 0,
                    "parkingState": "",
                    "auton": {
                        "markerScore": 0,
                        "parkingScore": 0,
                        "parkingState": ""
                    }
                },
                "teleopScore": {
                    "Score": 0,
                    "TeleopScore": 0,
                    "AutonScore": 0,
                    "AmpScore": 0,
                    "AmpCount": 0,
                    "SpeakerScore": 0,
                    "SpeakerCount": 0,
                    "TrapScore": 0,
                    "TrapCount": 0,
                    "AmplifiedCount": 0,
                    "AmplifiedScore": 0,
                    "MobileScore": 0,
                    "OnStageScore": 0,
                    "SpotlightScore": 0,
                    "ParkingScore": 0,
                    "HarmonyScore": 0,
                    "PassingCount": 0
                },
                "autonScore": {
                    "Score": 0,
                    "TeleopScore": 0,
                    "AutonScore": 5,
                    "AmpScore": 0,
                    "AmpCount": 0,
                    "SpeakerScore": 5,
                    "SpeakerCount": 1,
                    "TrapScore": 0,
                    "TrapCount": 0,
                    "AmplifiedCount": 0,
                    "AmplifiedScore": 0,
                    "MobileScore": 0,
                    "OnStageScore": 0,
                    "SpotlightScore": 0,
                    "ParkingScore": 0,
                    "HarmonyScore": 0,
                    "PassingCount": 0
                },
                "passes": 0,
                "connection": true,
                "onStage": false,
                "mobile": false,
                "isDisabled": 0,
                "gameStateScore": "{\"markerScore\":0,\"parkingScore\":0,\"parkingState\":\"\",\"auton\":{\"markerScore\":0,\"parkingScore\":0,\"parkingState\":\"\"}}"
            }
        ]
    },
    "red": {
        "totalScore": {
            "Score": 48,
            "TeleopScore": 39,
            "AutonScore": 9,
            "AmpScore": 3,
            "AmpCount": 2,
            "SpeakerScore": 43,
            "SpeakerCount": 20,
            "TrapScore": 0,
            "TrapCount": 0,
            "AmplifiedCount": 0,
            "AmplifiedScore": 0,
            "MobileScore": 2,
            "OnStageScore": 0,
            "SpotlightScore": 0,
            "ParkingScore": 0,
            "HarmonyScore": 0,
            "PassingCount": 0
        },
        "preGameMarkers": {},
        "autonGameMarkers": {
            "x20y14": {
                "x": 20,
                "y": 14,
                "isMarkedOnce": "true",
                "isSingleSpace": "false",
                "gameState": "auton",
                "ampState": "",
                "spotlitState": "",
                "teamNumber": "2689",
                "timestamp": 3.8308011459987483,
                "score": 2,
                "markerLocationType": "Mobility",
                "GameState": "auton",
                "markerType": "Mobility",
                "markerColor": {
                    "red": 147,
                    "green": 255,
                    "blue": 89,
                    "alpha": 0.8
                }
            },
            "Speaker1": {
                "x": 26,
                "y": 11,
                "isMarkedOnce": "false",
                "isSingleSpace": "false",
                "gameState": "auton",
                "ampState": "",
                "spotlitState": "",
                "teamNumber": "2689",
                "timestamp": 8.075738273000354,
                "score": 5,
                "markerLocationType": "Speaker",
                "GameState": "auton",
                "markerType": "Speaker",
                "markerColor": {
                    "red": 147,
                    "green": 255,
                    "blue": 89,
                    "alpha": 0.8
                }
            },
            "Amplifier1": {
                "x": 20,
                "y": 1,
                "isMarkedOnce": "false",
                "isSingleSpace": "false",
                "gameState": "auton",
                "ampState": "",
                "spotlitState": "",
                "teamNumber": "4206",
                "timestamp": 11.712689992999657,
                "score": 2,
                "markerLocationType": "Amplifier",
                "GameState": "auton",
                "markerType": "Amplifier",
                "markerColor": {
                    "red": 17,
                    "green": 144,
                    "blue": 255,
                    "alpha": 0.8
                }
            }
        },
        "teleopGameMarkers": {
            "Speaker2": {
                "x": 26,
                "y": 11,
                "isMarkedOnce": "false",
                "isSingleSpace": "false",
                "gameState": "teleop",
                "ampState": "",
                "spotlitState": "",
                "teamNumber": "4153",
                "timestamp": 25.047009780999275,
                "score": 2,
                "markerLocationType": "Speaker",
                "GameState": "teleop",
                "markerType": "Speaker",
                "markerColor": {
                    "red": 255,
                    "green": 255,
                    "blue": 66,
                    "alpha": 0.5
                }
            },
            "Amplifier2": {
                "x": 21,
                "y": 1,
                "isMarkedOnce": "false",
                "isSingleSpace": "false",
                "gameState": "teleop",
                "ampState": "",
                "spotlitState": "",
                "teamNumber": "4206",
                "timestamp": 47.041905008999635,
                "score": 1,
                "markerLocationType": "Amplifier",
                "GameState": "teleop",
                "markerType": "Amplifier",
                "markerColor": {
                    "red": 17,
                    "green": 144,
                    "blue": 255,
                    "alpha": 0.5
                }
            },
            "Speaker3": {
                "x": 26,
                "y": 11,
                "isMarkedOnce": "false",
                "isSingleSpace": "false",
                "gameState": "teleop",
                "ampState": "",
                "spotlitState": "",
                "teamNumber": "2689",
                "timestamp": 52.78141948699951,
                "score": 2,
                "markerLocationType": "Speaker",
                "GameState": "teleop",
                "markerType": "Speaker",
                "markerColor": {
                    "red": 147,
                    "green": 255,
                    "blue": 89,
                    "alpha": 0.5
                }
            },
            "Speaker4": {
                "x": 27,
                "y": 11,
                "isMarkedOnce": "false",
                "isSingleSpace": "false",
                "gameState": "teleop",
                "ampState": "",
                "spotlitState": "",
                "teamNumber": "4206",
                "timestamp": 58.59595972399973,
                "score": 2,
                "markerLocationType": "Speaker",
                "GameState": "teleop",
                "markerType": "Speaker",
                "markerColor": {
                    "red": 17,
                    "green": 144,
                    "blue": 255,
                    "alpha": 0.5
                }
            },
            "Speaker5": {
                "x": 26,
                "y": 11,
                "isMarkedOnce": "false",
                "isSingleSpace": "false",
                "gameState": "teleop",
                "ampState": "",
                "spotlitState": "",
                "teamNumber": "4206",
                "timestamp": 70.87708127199858,
                "score": 2,
                "markerLocationType": "Speaker",
                "GameState": "teleop",
                "markerType": "Speaker",
                "markerColor": {
                    "red": 17,
                    "green": 144,
                    "blue": 255,
                    "alpha": 0.5
                }
            },
            "Speaker6": {
                "x": 26,
                "y": 12,
                "isMarkedOnce": "false",
                "isSingleSpace": "false",
                "gameState": "teleop",
                "ampState": "",
                "spotlitState": "",
                "teamNumber": "4206",
                "timestamp": 83.44609374599901,
                "score": 2,
                "markerLocationType": "Speaker",
                "GameState": "teleop",
                "markerType": "Speaker",
                "markerColor": {
                    "red": 17,
                    "green": 144,
                    "blue": 255,
                    "alpha": 0.5
                }
            },
            "Speaker7": {
                "x": 27,
                "y": 11,
                "isMarkedOnce": "false",
                "isSingleSpace": "false",
                "gameState": "teleop",
                "ampState": "",
                "spotlitState": "",
                "teamNumber": "4206",
                "timestamp": 103.97342660499925,
                "score": 2,
                "markerLocationType": "Speaker",
                "GameState": "teleop",
                "markerType": "Speaker",
                "markerColor": {
                    "red": 17,
                    "green": 144,
                    "blue": 255,
                    "alpha": 0.5
                }
            },
            "Speaker8": {
                "x": 26,
                "y": 10,
                "isMarkedOnce": "false",
                "isSingleSpace": "false",
                "gameState": "teleop",
                "ampState": "",
                "spotlitState": "",
                "teamNumber": "4206",
                "timestamp": 110.24953976799918,
                "score": 2,
                "markerLocationType": "Speaker",
                "GameState": "teleop",
                "markerType": "Speaker",
                "markerColor": {
                    "red": 17,
                    "green": 144,
                    "blue": 255,
                    "alpha": 0.5
                }
            },
            "Speaker9": {
                "x": 27,
                "y": 11,
                "isMarkedOnce": "false",
                "isSingleSpace": "false",
                "gameState": "teleop",
                "ampState": "",
                "spotlitState": "",
                "teamNumber": "4206",
                "timestamp": 126.5052937209997,
                "score": 2,
                "markerLocationType": "Speaker",
                "GameState": "teleop",
                "markerType": "Speaker",
                "markerColor": {
                    "red": 17,
                    "green": 144,
                    "blue": 255,
                    "alpha": 0.5
                }
            },
            "Onstage1.3": {
                "x": 8,
                "y": 19,
                "isMarkedOnce": "true",
                "isSingleSpace": "true",
                "gameState": "teleop",
                "ampState": "",
                "spotlitState": "",
                "teamNumber": "2689",
                "timestamp": 147.14078802299872,
                "score": 3,
                "markerLocationCoordinates": {
                    "x": "15",
                    "y": "158",
                    "w": "8",
                    "h": "75"
                },
                "markerRotation": "60",
                "markerLocationType": "Onstage1.3",
                "GameState": "teleop",
                "markerType": "Onstage",
                "markerColor": {
                    "red": 147,
                    "green": 255,
                    "blue": 89,
                    "alpha": 0.5
                }
            },
            "Speaker10": {
                "x": 27,
                "y": 12,
                "isMarkedOnce": "false",
                "isSingleSpace": "false",
                "gameState": "teleop",
                "ampState": "",
                "spotlitState": "",
                "teamNumber": "4206",
                "timestamp": 155.90880359200014,
                "score": 2,
                "markerLocationType": "Speaker",
                "GameState": "teleop",
                "markerType": "Speaker",
                "markerColor": {
                    "red": 17,
                    "green": 144,
                    "blue": 255,
                    "alpha": 0.5
                }
            }
        },
        "teams": [
            {
                "scout": "Cody",
                "teamNumber": "4153",
                "idx": 4,
                "allianceColor": "red",
                "markerColor": {
                    "red": 255,
                    "green": 255,
                    "blue": 66,
                    "alpha": 0.5
                },
                "gameState": {
                    "markerScore": 0,
                    "parkingScore": 0,
                    "parkingState": "",
                    "teleop": {
                        "markerScore": 0,
                        "parkingScore": 0,
                        "parkingState": ""
                    }
                },
                "teleopScore": {
                    "Score": 0,
                    "TeleopScore": 2,
                    "AutonScore": 0,
                    "AmpScore": 0,
                    "AmpCount": 0,
                    "SpeakerScore": 2,
                    "SpeakerCount": 1,
                    "TrapScore": 0,
                    "TrapCount": 0,
                    "AmplifiedCount": 0,
                    "AmplifiedScore": 0,
                    "MobileScore": 0,
                    "OnStageScore": 0,
                    "SpotlightScore": 0,
                    "ParkingScore": 0,
                    "HarmonyScore": 0,
                    "PassingCount": 0
                },
                "autonScore": {
                    "Score": 0,
                    "TeleopScore": 0,
                    "AutonScore": 0,
                    "AmpScore": 0,
                    "AmpCount": 0,
                    "SpeakerScore": 0,
                    "SpeakerCount": 0,
                    "TrapScore": 0,
                    "TrapCount": 0,
                    "AmplifiedCount": 0,
                    "AmplifiedScore": 0,
                    "MobileScore": 0,
                    "OnStageScore": 0,
                    "SpotlightScore": 0,
                    "ParkingScore": 0,
                    "HarmonyScore": 0,
                    "PassingCount": 0
                },
                "passes": 0,
                "connection": true,
                "onStage": false,
                "mobile": false,
                "isDisabled": 0,
                "gameStateScore": "{\"markerScore\":0,\"parkingScore\":0,\"parkingState\":\"\",\"teleop\":{\"markerScore\":0,\"parkingScore\":0,\"parkingState\":\"\"}}"
            },
            {
                "scout": "Aaditeya",
                "teamNumber": "2689",
                "idx": 5,
                "allianceColor": "red",
                "markerColor": {
                    "red": 147,
                    "green": 255,
                    "blue": 89,
                    "alpha": 0.5
                },
                "gameState": {
                    "markerScore": 0,
                    "parkingScore": 0,
                    "parkingState": "",
                    "auton": {
                        "markerScore": 0,
                        "parkingScore": 0,
                        "parkingState": ""
                    },
                    "teleop": {
                        "markerScore": 0,
                        "parkingScore": 0,
                        "parkingState": ""
                    }
                },
                "teleopScore": {
                    "Score": 0,
                    "TeleopScore": 2,
                    "AutonScore": 0,
                    "AmpScore": 0,
                    "AmpCount": 0,
                    "SpeakerScore": 2,
                    "SpeakerCount": 1,
                    "TrapScore": 0,
                    "TrapCount": 0,
                    "AmplifiedCount": 0,
                    "AmplifiedScore": 0,
                    "MobileScore": 0,
                    "OnStageScore": 0,
                    "SpotlightScore": 0,
                    "ParkingScore": 0,
                    "HarmonyScore": 0,
                    "PassingCount": 0
                },
                "autonScore": {
                    "Score": 0,
                    "TeleopScore": 0,
                    "AutonScore": 5,
                    "AmpScore": 0,
                    "AmpCount": 0,
                    "SpeakerScore": 5,
                    "SpeakerCount": 1,
                    "TrapScore": 0,
                    "TrapCount": 0,
                    "AmplifiedCount": 0,
                    "AmplifiedScore": 0,
                    "MobileScore": 2,
                    "OnStageScore": 0,
                    "SpotlightScore": 0,
                    "ParkingScore": 0,
                    "HarmonyScore": 0,
                    "PassingCount": 0
                },
                "passes": 0,
                "connection": true,
                "onStage": false,
                "mobile": true,
                "isDisabled": 0,
                "gameStateScore": "{\"markerScore\":0,\"parkingScore\":0,\"parkingState\":\"\",\"auton\":{\"markerScore\":0,\"parkingScore\":0,\"parkingState\":\"\"},\"teleop\":{\"markerScore\":0,\"parkingScore\":0,\"parkingState\":\"\"}}"
            },
            {
                "scout": "Nandika",
                "teamNumber": "4206",
                "idx": 6,
                "allianceColor": "red",
                "markerColor": {
                    "red": 17,
                    "green": 144,
                    "blue": 255,
                    "alpha": 0.5
                },
                "gameState": {
                    "markerScore": 0,
                    "parkingScore": 0,
                    "parkingState": "",
                    "auton": {
                        "markerScore": 0,
                        "parkingScore": 0,
                        "parkingState": ""
                    },
                    "teleop": {
                        "markerScore": 0,
                        "parkingScore": 0,
                        "parkingState": ""
                    }
                },
                "teleopScore": {
                    "Score": 0,
                    "TeleopScore": 15,
                    "AutonScore": 0,
                    "AmpScore": 1,
                    "AmpCount": 1,
                    "SpeakerScore": 14,
                    "SpeakerCount": 7,
                    "TrapScore": 0,
                    "TrapCount": 0,
                    "AmplifiedCount": 0,
                    "AmplifiedScore": 0,
                    "MobileScore": 0,
                    "OnStageScore": 0,
                    "SpotlightScore": 0,
                    "ParkingScore": 0,
                    "HarmonyScore": 0,
                    "PassingCount": 0
                },
                "autonScore": {
                    "Score": 0,
                    "TeleopScore": 0,
                    "AutonScore": 2,
                    "AmpScore": 2,
                    "AmpCount": 1,
                    "SpeakerScore": 0,
                    "SpeakerCount": 0,
                    "TrapScore": 0,
                    "TrapCount": 0,
                    "AmplifiedCount": 0,
                    "AmplifiedScore": 0,
                    "MobileScore": 0,
                    "OnStageScore": 0,
                    "SpotlightScore": 0,
                    "ParkingScore": 0,
                    "HarmonyScore": 0,
                    "PassingCount": 0
                },
                "passes": 0,
                "connection": true,
                "onStage": false,
                "mobile": false,
                "isDisabled": 0,
                "gameStateScore": "{\"markerScore\":0,\"parkingScore\":0,\"parkingState\":\"\",\"auton\":{\"markerScore\":0,\"parkingScore\":0,\"parkingState\":\"\"},\"teleop\":{\"markerScore\":0,\"parkingScore\":0,\"parkingState\":\"\"}}"
            }
        ]
    }
}