{"matchNumber":"28","matchTime":5938.090762386,"blue":{"totalScore":{"Score":11,"TeleopScore":6,"AutonScore":5,"AmpScore":2,"AmpCount":2,"SpeakerScore":9,"SpeakerCount":3,"TrapScore":0,"TrapCount":0,"AmplifiedCount":0,"AmplifiedScore":0,"MobileScore":0,"OnStageScore":0,"SpotlightScore":0,"ParkingScore":0,"HarmonyScore":0,"PassingCount":0},"preGameMarkers":{},"autonGameMarkers":{"Speaker1":{"x":1,"y":11,"isMarkedOnce":"false","isSingleSpace":"false","gameState":"auton","ampState":"","spotlitState":"","teamNumber":"9156","timestamp":12.892831158999797,"score":5,"markerLocationType":"Speaker","GameState":"auton","markerType":"Speaker","markerColor":{"red":10,"green":35,"blue":255,"alpha":0.8}}},"teleopGameMarkers":{"Speaker2":{"x":1,"y":12,"isMarkedOnce":"false","isSingleSpace":"false","gameState":"teleop","ampState":"","spotlitState":"","teamNumber":"9156","timestamp":45.27499762200023,"score":2,"markerLocationType":"Speaker","GameState":"teleop","markerType":"Speaker","markerColor":{"red":10,"green":35,"blue":255,"alpha":0.5}},"Speaker3":{"x":1,"y":12,"isMarkedOnce":"false","isSingleSpace":"false","gameState":"teleop","ampState":"","spotlitState":"","teamNumber":"9156","timestamp":59.225278186999276,"score":2,"markerLocationType":"Speaker","GameState":"teleop","markerType":"Speaker","markerColor":{"red":10,"green":35,"blue":255,"alpha":0.5}},"Amplifier1":{"x":7,"y":1,"isMarkedOnce":"false","isSingleSpace":"false","gameState":"teleop","ampState":"","spotlitState":"","teamNumber":"9156","timestamp":108.5322916390005,"score":1,"markerLocationType":"Amplifier","GameState":"teleop","markerType":"Amplifier","markerColor":{"red":10,"green":35,"blue":255,"alpha":0.5}},"Amplifier2":{"x":7,"y":1,"isMarkedOnce":"false","isSingleSpace":"false","gameState":"teleop","ampState":"","spotlitState":"","teamNumber":"9156","timestamp":143.31238706300064,"score":1,"markerLocationType":"Amplifier","GameState":"teleop","markerType":"Amplifier","markerColor":{"red":10,"green":35,"blue":255,"alpha":0.5}}},"teams":[{"scout":"Michael","teamNumber":"7534","idx":1,"allianceColor":"blue","markerColor":{"red":174,"green":68,"blue":255,"alpha":0.8},"gameState":{"markerScore":0,"parkingScore":0,"parkingState":"","pregame":{"markerScore":0,"parkingScore":0,"parkingState":""}},"teleopScore":{"Score":0,"TeleopScore":0,"AutonScore":0,"AmpScore":0,"AmpCount":0,"SpeakerScore":0,"SpeakerCount":0,"TrapScore":0,"TrapCount":0,"AmplifiedCount":0,"AmplifiedScore":0,"MobileScore":0,"OnStageScore":0,"SpotlightScore":0,"ParkingScore":0,"HarmonyScore":0,"PassingCount":0},"autonScore":{"Score":0,"TeleopScore":0,"AutonScore":0,"AmpScore":0,"AmpCount":0,"SpeakerScore":0,"SpeakerCount":0,"TrapScore":0,"TrapCount":0,"AmplifiedCount":0,"AmplifiedScore":0,"MobileScore":0,"OnStageScore":0,"SpotlightScore":0,"ParkingScore":0,"HarmonyScore":0,"PassingCount":0},"passes":0,"connection":true,"onStage":false,"mobile":true,"isDisabled":1,"gameStateScore":"{\"markerScore\":0,\"parkingScore\":0,\"parkingState\":\"\",\"auton\":{\"markerScore\":0,\"parkingScore\":0,\"parkingState\":\"\"}}"},{"scout":"Swetha","teamNumber":"9407","idx":2,"allianceColor":"blue","markerColor":{"red":35,"green":222,"blue":255,"alpha":0.5},"gameState":{"markerScore":0,"parkingScore":0,"parkingState":""},"teleopScore":{"Score":0,"TeleopScore":0,"AutonScore":0,"AmpScore":0,"AmpCount":0,"SpeakerScore":0,"SpeakerCount":0,"TrapScore":0,"TrapCount":0,"AmplifiedCount":0,"AmplifiedScore":0,"MobileScore":0,"OnStageScore":0,"SpotlightScore":0,"ParkingScore":0,"HarmonyScore":0,"PassingCount":0},"autonScore":{"Score":0,"TeleopScore":0,"AutonScore":0,"AmpScore":0,"AmpCount":0,"SpeakerScore":0,"SpeakerCount":0,"TrapScore":0,"TrapCount":0,"AmplifiedCount":0,"AmplifiedScore":0,"MobileScore":0,"OnStageScore":0,"SpotlightScore":0,"ParkingScore":0,"HarmonyScore":0,"PassingCount":0},"passes":0,"connection":true,"onStage":false,"mobile":true,"isDisabled":0,"gameStateScore":"{\"markerScore\":0,\"parkingScore\":0,\"parkingState\":\"\",\"auton\":{\"markerScore\":0,\"parkingScore\":0,\"parkingState\":\"\"},\"teleop\":{\"markerScore\":0,\"parkingScore\":0,\"parkingState\":\"\"}}"},{"scout":"Karan","teamNumber":"9156","idx":3,"allianceColor":"blue","markerColor":{"red":10,"green":35,"blue":255,"alpha":0.5},"gameState":{"markerScore":0,"parkingScore":0,"parkingState":"","auton":{"markerScore":0,"parkingScore":0,"parkingState":""},"teleop":{"markerScore":0,"parkingScore":0,"parkingState":""}},"teleopScore":{"Score":0,"TeleopScore":6,"AutonScore":0,"AmpScore":2,"AmpCount":2,"SpeakerScore":4,"SpeakerCount":2,"TrapScore":0,"TrapCount":0,"AmplifiedCount":0,"AmplifiedScore":0,"MobileScore":0,"OnStageScore":0,"SpotlightScore":0,"ParkingScore":0,"HarmonyScore":0,"PassingCount":0},"autonScore":{"Score":0,"TeleopScore":0,"AutonScore":5,"AmpScore":0,"AmpCount":0,"SpeakerScore":5,"SpeakerCount":1,"TrapScore":0,"TrapCount":0,"AmplifiedCount":0,"AmplifiedScore":0,"MobileScore":0,"OnStageScore":0,"SpotlightScore":0,"ParkingScore":0,"HarmonyScore":0,"PassingCount":0},"passes":0,"connection":true,"onStage":false,"mobile":false,"isDisabled":0,"gameStateScore":"{\"markerScore\":0,\"parkingScore\":0,\"parkingState\":\"\",\"auton\":{\"markerScore\":0,\"parkingScore\":0,\"parkingState\":\"\"},\"teleop\":{\"markerScore\":0,\"parkingScore\":0,\"parkingState\":\"\"}}"}]},"red":{"totalScore":{"Score":44,"TeleopScore":29,"AutonScore":15,"AmpScore":3,"AmpCount":3,"SpeakerScore":41,"SpeakerCount":16,"TrapScore":0,"TrapCount":0,"AmplifiedCount":0,"AmplifiedScore":0,"MobileScore":0,"OnStageScore":0,"SpotlightScore":0,"ParkingScore":0,"HarmonyScore":0,"PassingCount":0},"preGameMarkers":{},"autonGameMarkers":{"Speaker1":{"x":27,"y":11,"isMarkedOnce":"false","isSingleSpace":"false","gameState":"auton","ampState":"","spotlitState":"","teamNumber":"3005","timestamp":3.936734128000353,"score":5,"markerLocationType":"Speaker","GameState":"auton","markerType":"Speaker","markerColor":{"red":147,"green":255,"blue":89,"alpha":0.8}},"Speaker2":{"x":27,"y":12,"isMarkedOnce":"false","isSingleSpace":"false","gameState":"auton","ampState":"","spotlitState":"","teamNumber":"3005","timestamp":15.814102971999091,"score":5,"markerLocationType":"Speaker","GameState":"auton","markerType":"Speaker","markerColor":{"red":147,"green":255,"blue":89,"alpha":0.8}},"Speaker3":{"x":27,"y":12,"isMarkedOnce":"false","isSingleSpace":"false","gameState":"auton","ampState":"","spotlitState":"","teamNumber":"3005","timestamp":17.943014638000022,"score":5,"markerLocationType":"Speaker","GameState":"auton","markerType":"Speaker","markerColor":{"red":147,"green":255,"blue":89,"alpha":0.8}}},"teleopGameMarkers":{"Speaker4":{"x":26,"y":12,"isMarkedOnce":"false","isSingleSpace":"false","gameState":"teleop","ampState":"","spotlitState":"","teamNumber":"3005","timestamp":25.23860235600023,"score":2,"markerLocationType":"Speaker","GameState":"teleop","markerType":"Speaker","markerColor":{"red":147,"green":255,"blue":89,"alpha":0.5}},"Speaker5":{"x":27,"y":12,"isMarkedOnce":"false","isSingleSpace":"false","gameState":"teleop","ampState":"","spotlitState":"","teamNumber":"3005","timestamp":28.83781122399887,"score":2,"markerLocationType":"Speaker","GameState":"teleop","markerType":"Speaker","markerColor":{"red":147,"green":255,"blue":89,"alpha":0.5}},"Speaker6":{"x":27,"y":11,"isMarkedOnce":"false","isSingleSpace":"false","gameState":"teleop","ampState":"","spotlitState":"","teamNumber":"3005","timestamp":34.18305177599996,"score":2,"markerLocationType":"Speaker","GameState":"teleop","markerType":"Speaker","markerColor":{"red":147,"green":255,"blue":89,"alpha":0.5}},"Speaker7":{"x":27,"y":11,"isMarkedOnce":"false","isSingleSpace":"false","gameState":"teleop","ampState":"","spotlitState":"","teamNumber":"3005","timestamp":58.50231461400017,"score":2,"markerLocationType":"Speaker","GameState":"teleop","markerType":"Speaker","markerColor":{"red":147,"green":255,"blue":89,"alpha":0.5}},"Amplifier1":{"x":20,"y":1,"isMarkedOnce":"false","isSingleSpace":"false","gameState":"teleop","ampState":"","spotlitState":"","teamNumber":"9492","timestamp":60.46925916799955,"score":1,"markerLocationType":"Amplifier","GameState":"teleop","markerType":"Amplifier","markerColor":{"red":17,"green":144,"blue":255,"alpha":0.5}},"Speaker8":{"x":27,"y":11,"isMarkedOnce":"false","isSingleSpace":"false","gameState":"teleop","ampState":"","spotlitState":"","teamNumber":"3005","timestamp":63.83184396199886,"score":2,"markerLocationType":"Speaker","GameState":"teleop","markerType":"Speaker","markerColor":{"red":147,"green":255,"blue":89,"alpha":0.5}},"Amplifier2":{"x":20,"y":1,"isMarkedOnce":"false","isSingleSpace":"false","gameState":"teleop","ampState":"","spotlitState":"","teamNumber":"9492","timestamp":68.53100905199972,"score":1,"markerLocationType":"Amplifier","GameState":"teleop","markerType":"Amplifier","markerColor":{"red":17,"green":144,"blue":255,"alpha":0.5}},"Speaker9":{"x":27,"y":11,"isMarkedOnce":"false","isSingleSpace":"false","gameState":"teleop","ampState":"","spotlitState":"","teamNumber":"3005","timestamp":73.51236829000027,"score":2,"markerLocationType":"Speaker","GameState":"teleop","markerType":"Speaker","markerColor":{"red":147,"green":255,"blue":89,"alpha":0.5}},"Speaker10":{"x":27,"y":12,"isMarkedOnce":"false","isSingleSpace":"false","gameState":"teleop","ampState":"","spotlitState":"","teamNumber":"3005","timestamp":77.42272341699936,"score":2,"markerLocationType":"Speaker","GameState":"teleop","markerType":"Speaker","markerColor":{"red":147,"green":255,"blue":89,"alpha":0.5}},"Speaker11":{"x":27,"y":12,"isMarkedOnce":"false","isSingleSpace":"false","gameState":"teleop","ampState":"","spotlitState":"","teamNumber":"3005","timestamp":90.68265070599955,"score":2,"markerLocationType":"Speaker","GameState":"teleop","markerType":"Speaker","markerColor":{"red":147,"green":255,"blue":89,"alpha":0.5}},"Speaker12":{"x":27,"y":12,"isMarkedOnce":"false","isSingleSpace":"false","gameState":"teleop","ampState":"","spotlitState":"","teamNumber":"9492","timestamp":91.28234181599964,"score":2,"markerLocationType":"Speaker","GameState":"teleop","markerType":"Speaker","markerColor":{"red":17,"green":144,"blue":255,"alpha":0.5}},"Speaker13":{"x":26,"y":12,"isMarkedOnce":"false","isSingleSpace":"false","gameState":"teleop","ampState":"","spotlitState":"","teamNumber":"3005","timestamp":96.4127136649995,"score":2,"markerLocationType":"Speaker","GameState":"teleop","markerType":"Speaker","markerColor":{"red":147,"green":255,"blue":89,"alpha":0.5}},"Speaker14":{"x":26,"y":12,"isMarkedOnce":"false","isSingleSpace":"false","gameState":"teleop","ampState":"","spotlitState":"","teamNumber":"3005","timestamp":99.11083890399914,"score":2,"markerLocationType":"Speaker","GameState":"teleop","markerType":"Speaker","markerColor":{"red":147,"green":255,"blue":89,"alpha":0.5}},"Amplifier3":{"x":20,"y":1,"isMarkedOnce":"false","isSingleSpace":"false","gameState":"teleop","ampState":"","spotlitState":"","teamNumber":"9492","timestamp":105.65600493699912,"score":1,"markerLocationType":"Amplifier","GameState":"teleop","markerType":"Amplifier","markerColor":{"red":17,"green":144,"blue":255,"alpha":0.5}},"Speaker15":{"x":26,"y":11,"isMarkedOnce":"false","isSingleSpace":"false","gameState":"teleop","ampState":"","spotlitState":"","teamNumber":"3005","timestamp":113.68929756199941,"score":2,"markerLocationType":"Speaker","GameState":"teleop","markerType":"Speaker","markerColor":{"red":147,"green":255,"blue":89,"alpha":0.5}},"Speaker16":{"x":26,"y":11,"isMarkedOnce":"false","isSingleSpace":"false","gameState":"teleop","ampState":"","spotlitState":"","teamNumber":"3005","timestamp":123.13158320500042,"score":2,"markerLocationType":"Speaker","GameState":"teleop","markerType":"Speaker","markerColor":{"red":147,"green":255,"blue":89,"alpha":0.5}},"Onstage2.2":{"x":10,"y":9,"isMarkedOnce":"true","isSingleSpace":"true","gameState":"teleop","ampState":"","spotlitState":"","teamNumber":"9492","timestamp":147.16286218999903,"score":3,"markerLocationCoordinates":{"x":"35","y":"-165","w":"8","h":"75"},"markerRotation":"-60","markerLocationType":"Onstage2.2","GameState":"teleop","markerType":"Onstage","markerColor":{"red":17,"green":144,"blue":255,"alpha":0.5}},"Onstage3.2":{"x":4,"y":14,"isMarkedOnce":"true","isSingleSpace":"true","gameState":"teleop","ampState":"","spotlitState":"","teamNumber":"3005","timestamp":154.024538278999,"score":3,"markerLocationCoordinates":{"x":"-247","y":"-50","w":"8","h":"75"},"markerRotation":"0","markerLocationType":"Onstage3.2","GameState":"teleop","markerType":"Onstage","markerColor":{"red":147,"green":255,"blue":89,"alpha":0.5}}},"teams":[{"scout":"Cody","teamNumber":"7321","idx":4,"allianceColor":"red","markerColor":{"red":255,"green":255,"blue":66,"alpha":0.8},"gameState":{"markerScore":0,"parkingScore":0,"parkingState":""},"teleopScore":{"Score":0,"TeleopScore":0,"AutonScore":0,"AmpScore":0,"AmpCount":0,"SpeakerScore":0,"SpeakerCount":0,"TrapScore":0,"TrapCount":0,"AmplifiedCount":0,"AmplifiedScore":0,"MobileScore":0,"OnStageScore":0,"SpotlightScore":0,"ParkingScore":0,"HarmonyScore":0,"PassingCount":0},"autonScore":{"Score":0,"TeleopScore":0,"AutonScore":0,"AmpScore":0,"AmpCount":0,"SpeakerScore":0,"SpeakerCount":0,"TrapScore":0,"TrapCount":0,"AmplifiedCount":0,"AmplifiedScore":0,"MobileScore":0,"OnStageScore":0,"SpotlightScore":0,"ParkingScore":0,"HarmonyScore":0,"PassingCount":0},"passes":0,"connection":true,"onStage":false,"mobile":false,"isDisabled":1,"gameStateScore":"{\"markerScore\":0,\"parkingScore\":0,\"parkingState\":\"\",\"auton\":{\"markerScore\":0,\"parkingScore\":0,\"parkingState\":\"\"}}"},{"scout":"Aaditeya","teamNumber":"3005","idx":5,"allianceColor":"red","markerColor":{"red":147,"green":255,"blue":89,"alpha":0.5},"gameState":{"markerScore":0,"parkingScore":0,"parkingState":"","auton":{"markerScore":0,"parkingScore":0,"parkingState":""},"teleop":{"markerScore":0,"parkingScore":0,"parkingState":""}},"teleopScore":{"Score":0,"TeleopScore":24,"AutonScore":0,"AmpScore":0,"AmpCount":0,"SpeakerScore":24,"SpeakerCount":12,"TrapScore":0,"TrapCount":0,"AmplifiedCount":0,"AmplifiedScore":0,"MobileScore":0,"OnStageScore":0,"SpotlightScore":0,"ParkingScore":0,"HarmonyScore":0,"PassingCount":0},"autonScore":{"Score":0,"TeleopScore":0,"AutonScore":15,"AmpScore":0,"AmpCount":0,"SpeakerScore":15,"SpeakerCount":3,"TrapScore":0,"TrapCount":0,"AmplifiedCount":0,"AmplifiedScore":0,"MobileScore":0,"OnStageScore":0,"SpotlightScore":0,"ParkingScore":0,"HarmonyScore":0,"PassingCount":0},"passes":0,"connection":true,"onStage":false,"mobile":true,"isDisabled":0,"gameStateScore":"{\"markerScore\":0,\"parkingScore\":0,\"parkingState\":\"\",\"auton\":{\"markerScore\":0,\"parkingScore\":0,\"parkingState\":\"\"},\"teleop\":{\"markerScore\":0,\"parkingScore\":0,\"parkingState\":\"\"}}"}]}}