{"matchNumber":"56","matchTime":5950.758053434,"blue":{"totalScore":{"Score":52,"TeleopScore":18,"AutonScore":34,"AmpScore":6,"AmpCount":4,"SpeakerScore":36,"SpeakerCount":9,"TrapScore":0,"TrapCount":0,"AmplifiedCount":2,"AmplifiedScore":10,"MobileScore":0,"OnStageScore":0,"SpotlightScore":0,"ParkingScore":0,"HarmonyScore":0,"PassingCount":0},"preGameMarkers":{},"autonGameMarkers":{"Speaker1":{"x":1,"y":12,"isMarkedOnce":"false","isSingleSpace":"false","gameState":"auton","ampState":"","spotlitState":"","teamNumber":"2468","timestamp":10.097561567999037,"score":5,"markerLocationType":"Speaker","GameState":"auton","markerType":"Speaker","markerColor":{"red":169,"green":255,"blue":230,"alpha":0.8}},"Speaker2":{"x":1,"y":12,"isMarkedOnce":"false","isSingleSpace":"false","gameState":"auton","ampState":"","spotlitState":"","teamNumber":"2468","timestamp":10.741464493999956,"score":5,"markerLocationType":"Speaker","GameState":"auton","markerType":"Speaker","markerColor":{"red":169,"green":255,"blue":230,"alpha":0.8}},"Speaker3":{"x":1,"y":12,"isMarkedOnce":"false","isSingleSpace":"false","gameState":"auton","ampState":"","spotlitState":"","teamNumber":"2468","timestamp":14.2259828440001,"score":5,"markerLocationType":"Speaker","GameState":"auton","markerType":"Speaker","markerColor":{"red":169,"green":255,"blue":230,"alpha":0.8}},"Speaker4":{"x":1,"y":11,"isMarkedOnce":"false","isSingleSpace":"false","gameState":"auton","ampState":"","spotlitState":"","teamNumber":"2468","timestamp":14.460366362000059,"score":5,"markerLocationType":"Speaker","GameState":"auton","markerType":"Speaker","markerColor":{"red":169,"green":255,"blue":230,"alpha":0.8}},"Speaker5":{"x":0,"y":11,"isMarkedOnce":"false","isSingleSpace":"false","gameState":"auton","ampState":"","spotlitState":"","teamNumber":"2468","timestamp":14.657294768999236,"score":5,"markerLocationType":"Speaker","GameState":"auton","markerType":"Speaker","markerColor":{"red":169,"green":255,"blue":230,"alpha":0.8}},"Speaker6":{"x":0,"y":11,"isMarkedOnce":"false","isSingleSpace":"false","gameState":"auton","ampState":"","spotlitState":"","teamNumber":"2468","timestamp":14.823268361999908,"score":5,"markerLocationType":"Speaker","GameState":"auton","markerType":"Speaker","markerColor":{"red":169,"green":255,"blue":230,"alpha":0.8}},"Amplifier1":{"x":8,"y":1,"isMarkedOnce":"false","isSingleSpace":"false","gameState":"auton","ampState":"","spotlitState":"","teamNumber":"6672","timestamp":34.47942614599924,"score":2,"markerLocationType":"Amplifier","GameState":"auton","markerType":"Amplifier","markerColor":{"red":255,"green":180,"blue":127,"alpha":0.8}},"Amplifier2":{"x":8,"y":1,"isMarkedOnce":"false","isSingleSpace":"false","gameState":"auton","ampState":"","spotlitState":"","teamNumber":"6672","timestamp":39.5908200319991,"score":2,"markerLocationType":"Amplifier","GameState":"auton","markerType":"Amplifier","markerColor":{"red":255,"green":180,"blue":127,"alpha":0.8}}},"teleopGameMarkers":{"Speaker7":{"x":0,"y":11,"isMarkedOnce":"false","isSingleSpace":"false","gameState":"teleop","ampState":"","spotlitState":"","teamNumber":"6672","timestamp":60.44493266799964,"score":2,"markerLocationType":"Speaker","GameState":"teleop","markerType":"Speaker","markerColor":{"red":255,"green":180,"blue":127,"alpha":0.5}},"Amplifier3":{"x":8,"y":1,"isMarkedOnce":"false","isSingleSpace":"false","gameState":"teleop","ampState":"","spotlitState":"","teamNumber":"6672","timestamp":78.19752050900024,"score":1,"markerLocationType":"Amplifier","GameState":"teleop","markerType":"Amplifier","markerColor":{"red":255,"green":180,"blue":127,"alpha":0.5}},"Amplifier4":{"x":8,"y":1,"isMarkedOnce":"false","isSingleSpace":"false","gameState":"teleop","ampState":"","spotlitState":"","teamNumber":"6672","timestamp":85.31241831999978,"score":1,"markerLocationType":"Amplifier","GameState":"teleop","markerType":"Amplifier","markerColor":{"red":255,"green":180,"blue":127,"alpha":0.5}},"Speaker8":{"x":0,"y":11,"isMarkedOnce":"false","isSingleSpace":"false","gameState":"teleop","ampState":"","spotlitState":"","teamNumber":"6672","timestamp":90.40996335399996,"score":2,"markerLocationType":"Speaker","GameState":"teleop","markerType":"Speaker","markerColor":{"red":255,"green":180,"blue":127,"alpha":0.5}},"Amplified1":{"x":0,"y":11,"isMarkedOnce":"false","isSingleSpace":"false","gameState":"teleop","ampState":"","spotlitState":"","teamNumber":"6672","timestamp":98.3552268859994,"score":2,"markerLocationType":"Speaker","GameState":"teleop","markerType":"Amplified","markerColor":{"red":255,"green":180,"blue":127,"alpha":0.5}},"Amplified2":{"x":1,"y":11,"isMarkedOnce":"false","isSingleSpace":"false","gameState":"teleop","ampState":"","spotlitState":"","teamNumber":"2468","timestamp":100.1372005889989,"score":2,"markerLocationType":"Speaker","GameState":"teleop","markerType":"Amplified","markerColor":{"red":169,"green":255,"blue":230,"alpha":0.5}},"Speaker9":{"x":1,"y":11,"isMarkedOnce":"false","isSingleSpace":"false","gameState":"teleop","ampState":"","spotlitState":"","teamNumber":"6672","timestamp":128.23647075700046,"score":2,"markerLocationType":"Speaker","GameState":"teleop","markerType":"Speaker","markerColor":{"red":255,"green":180,"blue":127,"alpha":0.5}},"Onstage1.2":{"x":18,"y":18,"isMarkedOnce":"true","isSingleSpace":"true","gameState":"teleop","ampState":"","spotlitState":"","teamNumber":"7503","timestamp":147.18076670899973,"score":3,"markerLocationCoordinates":{"x":"15","y":"-145","w":"8","h":"75"},"markerRotation":"120","markerLocationType":"Onstage1.2","GameState":"teleop","markerType":"Onstage","markerColor":{"red":255,"green":230,"blue":147,"alpha":0.5}},"Onstage3.2":{"x":23,"y":12,"isMarkedOnce":"true","isSingleSpace":"true","gameState":"teleop","ampState":"","spotlitState":"","teamNumber":"6672","timestamp":163.06026966199897,"score":3,"markerLocationCoordinates":{"x":"239","y":"-58","w":"8","h":"75"},"markerRotation":"0","markerLocationType":"Onstage3.2","GameState":"teleop","markerType":"Onstage","markerColor":{"red":255,"green":180,"blue":127,"alpha":0.5}}},"teams":[{"scout":"Ajay","teamNumber":"6672","idx":1,"allianceColor":"blue","markerColor":{"red":255,"green":180,"blue":127,"alpha":0.5},"gameState":{"markerScore":0,"parkingScore":0,"parkingState":"","auton":{"markerScore":0,"parkingScore":0,"parkingState":""},"teleop":{"markerScore":0,"parkingScore":0,"parkingState":""}},"teleopScore":{"Score":0,"TeleopScore":18,"AutonScore":0,"AmpScore":2,"AmpCount":2,"SpeakerScore":6,"SpeakerCount":3,"TrapScore":0,"TrapCount":0,"AmplifiedCount":2,"AmplifiedScore":10,"MobileScore":0,"OnStageScore":0,"SpotlightScore":0,"ParkingScore":0,"HarmonyScore":0,"PassingCount":0},"autonScore":{"Score":0,"TeleopScore":0,"AutonScore":4,"AmpScore":4,"AmpCount":2,"SpeakerScore":0,"SpeakerCount":0,"TrapScore":0,"TrapCount":0,"AmplifiedCount":0,"AmplifiedScore":0,"MobileScore":0,"OnStageScore":0,"SpotlightScore":0,"ParkingScore":0,"HarmonyScore":0,"PassingCount":0},"passes":0,"connection":true,"onStage":false,"mobile":true,"isDisabled":0,"gameStateScore":"{\"markerScore\":0,\"parkingScore\":0,\"parkingState\":\"\",\"auton\":{\"markerScore\":0,\"parkingScore\":0,\"parkingState\":\"\"},\"teleop\":{\"markerScore\":0,\"parkingScore\":0,\"parkingState\":\"\"}}"},{"scout":"Artin","teamNumber":"7503","idx":2,"allianceColor":"blue","markerColor":{"red":255,"green":230,"blue":147,"alpha":0.5},"gameState":{"markerScore":0,"parkingScore":0,"parkingState":"","teleop":{"markerScore":0,"parkingScore":0,"parkingState":""}},"teleopScore":{"Score":0,"TeleopScore":10,"AutonScore":0,"AmpScore":0,"AmpCount":0,"SpeakerScore":0,"SpeakerCount":0,"TrapScore":0,"TrapCount":0,"AmplifiedCount":2,"AmplifiedScore":10,"MobileScore":0,"OnStageScore":0,"SpotlightScore":0,"ParkingScore":0,"HarmonyScore":0,"PassingCount":0},"autonScore":{"Score":0,"TeleopScore":0,"AutonScore":0,"AmpScore":0,"AmpCount":0,"SpeakerScore":0,"SpeakerCount":0,"TrapScore":0,"TrapCount":0,"AmplifiedCount":0,"AmplifiedScore":0,"MobileScore":0,"OnStageScore":0,"SpotlightScore":0,"ParkingScore":0,"HarmonyScore":0,"PassingCount":0},"passes":0,"connection":true,"onStage":false,"mobile":false,"isDisabled":0,"gameStateScore":"{\"markerScore\":0,\"parkingScore\":0,\"parkingState\":\"\",\"teleop\":{\"markerScore\":0,\"parkingScore\":0,\"parkingState\":\"\"}}"},{"scout":"Ramesh","teamNumber":"2468","idx":3,"allianceColor":"blue","markerColor":{"red":169,"green":255,"blue":230,"alpha":0.5},"gameState":{"markerScore":0,"parkingScore":0,"parkingState":"","auton":{"markerScore":0,"parkingScore":0,"parkingState":""},"teleop":{"markerScore":0,"parkingScore":0,"parkingState":""}},"teleopScore":{"Score":0,"TeleopScore":10,"AutonScore":0,"AmpScore":0,"AmpCount":0,"SpeakerScore":0,"SpeakerCount":0,"TrapScore":0,"TrapCount":0,"AmplifiedCount":2,"AmplifiedScore":10,"MobileScore":0,"OnStageScore":0,"SpotlightScore":0,"ParkingScore":0,"HarmonyScore":0,"PassingCount":0},"autonScore":{"Score":0,"TeleopScore":0,"AutonScore":30,"AmpScore":0,"AmpCount":0,"SpeakerScore":30,"SpeakerCount":6,"TrapScore":0,"TrapCount":0,"AmplifiedCount":0,"AmplifiedScore":0,"MobileScore":0,"OnStageScore":0,"SpotlightScore":0,"ParkingScore":0,"HarmonyScore":0,"PassingCount":0},"passes":0,"connection":true,"onStage":false,"mobile":true,"isDisabled":0,"gameStateScore":"{\"markerScore\":0,\"parkingScore\":0,\"parkingState\":\"\",\"auton\":{\"markerScore\":0,\"parkingScore\":0,\"parkingState\":\"\"},\"teleop\":{\"markerScore\":0,\"parkingScore\":0,\"parkingState\":\"\"}}"}]},"red":{"totalScore":{"Score":65,"TeleopScore":36,"AutonScore":29,"AmpScore":7,"AmpCount":5,"SpeakerScore":33,"SpeakerCount":9,"TrapScore":0,"TrapCount":0,"AmplifiedCount":5,"AmplifiedScore":25,"MobileScore":0,"OnStageScore":0,"SpotlightScore":0,"ParkingScore":0,"HarmonyScore":0,"PassingCount":1},"preGameMarkers":{},"autonGameMarkers":{"Speaker1":{"x":26,"y":13,"isMarkedOnce":"false","isSingleSpace":"false","gameState":"auton","ampState":"","spotlitState":"","teamNumber":"3005","timestamp":15.992157435000081,"score":5,"markerLocationType":"Speaker","GameState":"auton","markerType":"Speaker","markerColor":{"red":84,"green":255,"blue":200,"alpha":0.8}},"Speaker2":{"x":26,"y":13,"isMarkedOnce":"false","isSingleSpace":"false","gameState":"auton","ampState":"","spotlitState":"","teamNumber":"3005","timestamp":16.216558101999908,"score":5,"markerLocationType":"Speaker","GameState":"auton","markerType":"Speaker","markerColor":{"red":84,"green":255,"blue":200,"alpha":0.8}},"Speaker3":{"x":26,"y":13,"isMarkedOnce":"false","isSingleSpace":"false","gameState":"auton","ampState":"","spotlitState":"","teamNumber":"3005","timestamp":16.566512287000478,"score":5,"markerLocationType":"Speaker","GameState":"auton","markerType":"Speaker","markerColor":{"red":84,"green":255,"blue":200,"alpha":0.8}},"Speaker4":{"x":26,"y":13,"isMarkedOnce":"false","isSingleSpace":"false","gameState":"auton","ampState":"","spotlitState":"","teamNumber":"3005","timestamp":17.036720193999827,"score":5,"markerLocationType":"Speaker","GameState":"auton","markerType":"Speaker","markerColor":{"red":84,"green":255,"blue":200,"alpha":0.8}},"Amplifier1":{"x":18,"y":0,"isMarkedOnce":"false","isSingleSpace":"false","gameState":"auton","ampState":"","spotlitState":"","teamNumber":"3005","timestamp":24.722622910999235,"score":2,"markerLocationType":"Amplifier","GameState":"auton","markerType":"Amplifier","markerColor":{"red":84,"green":255,"blue":200,"alpha":0.8}},"Speaker5":{"x":26,"y":11,"isMarkedOnce":"false","isSingleSpace":"false","gameState":"auton","ampState":"","spotlitState":"","teamNumber":"9105","timestamp":34.69730309099941,"score":5,"markerLocationType":"Speaker","GameState":"auton","markerType":"Speaker","markerColor":{"red":84,"green":255,"blue":200,"alpha":0.8}},"Amplifier2":{"x":20,"y":0,"isMarkedOnce":"false","isSingleSpace":"false","gameState":"auton","ampState":"","spotlitState":"","teamNumber":"3005","timestamp":37.61933831099941,"score":2,"markerLocationType":"Amplifier","GameState":"auton","markerType":"Amplifier","markerColor":{"red":84,"green":255,"blue":200,"alpha":0.8}}},"teleopGameMarkers":{"Pass1":{"x":1,"y":26,"isMarkedOnce":"false","isSingleSpace":"false","gameState":"teleop","ampState":"","spotlitState":"","teamNumber":"3005","timestamp":51.074680709999484,"score":0,"markerLocationType":"Pass","GameState":"teleop","markerType":"Pass","markerColor":{"red":84,"green":255,"blue":200,"alpha":0.5}},"Speaker6":{"x":27,"y":11,"isMarkedOnce":"false","isSingleSpace":"false","gameState":"teleop","ampState":"","spotlitState":"","teamNumber":"3005","timestamp":59.755788038999526,"score":2,"markerLocationType":"Speaker","GameState":"teleop","markerType":"Speaker","markerColor":{"red":84,"green":255,"blue":200,"alpha":0.5}},"Amplified1":{"x":27,"y":11,"isMarkedOnce":"false","isSingleSpace":"false","gameState":"teleop","ampState":"","spotlitState":"","teamNumber":"3005","timestamp":61.29502266700001,"score":2,"markerLocationType":"Speaker","GameState":"teleop","markerType":"Amplified","markerColor":{"red":84,"green":255,"blue":200,"alpha":0.5}},"Amplified2":{"x":27,"y":11,"isMarkedOnce":"false","isSingleSpace":"false","gameState":"teleop","ampState":"","spotlitState":"","teamNumber":"3005","timestamp":63.91364764700029,"score":2,"markerLocationType":"Speaker","GameState":"teleop","markerType":"Amplified","markerColor":{"red":84,"green":255,"blue":200,"alpha":0.5}},"Amplifier3":{"x":20,"y":1,"isMarkedOnce":"false","isSingleSpace":"false","gameState":"teleop","ampState":"","spotlitState":"","teamNumber":"3005","timestamp":83.49827037599971,"score":1,"markerLocationType":"Amplifier","GameState":"teleop","markerType":"Amplifier","markerColor":{"red":84,"green":255,"blue":200,"alpha":0.5}},"Speaker7":{"x":27,"y":11,"isMarkedOnce":"false","isSingleSpace":"false","gameState":"teleop","ampState":"","spotlitState":"","teamNumber":"3005","timestamp":97.09443668299991,"score":2,"markerLocationType":"Speaker","GameState":"teleop","markerType":"Speaker","markerColor":{"red":84,"green":255,"blue":200,"alpha":0.5}},"Amplified3":{"x":27,"y":11,"isMarkedOnce":"false","isSingleSpace":"false","gameState":"teleop","ampState":"","spotlitState":"","teamNumber":"3005","timestamp":100.55790118099958,"score":2,"markerLocationType":"Speaker","GameState":"teleop","markerType":"Amplified","markerColor":{"red":84,"green":255,"blue":200,"alpha":0.5}},"Amplified4":{"x":27,"y":11,"isMarkedOnce":"false","isSingleSpace":"false","gameState":"teleop","ampState":"","spotlitState":"","teamNumber":"3005","timestamp":101.68828555099935,"score":2,"markerLocationType":"Speaker","GameState":"teleop","markerType":"Amplified","markerColor":{"red":84,"green":255,"blue":200,"alpha":0.5}},"Speaker8":{"x":27,"y":11,"isMarkedOnce":"false","isSingleSpace":"false","gameState":"teleop","ampState":"","spotlitState":"","teamNumber":"9105","timestamp":114.20266967299904,"score":2,"markerLocationType":"Speaker","GameState":"teleop","markerType":"Speaker","markerColor":{"red":84,"green":255,"blue":200,"alpha":0.5}},"Amplifier4":{"x":20,"y":1,"isMarkedOnce":"false","isSingleSpace":"false","gameState":"teleop","ampState":"","spotlitState":"","teamNumber":"3005","timestamp":120.0667912989993,"score":1,"markerLocationType":"Amplifier","GameState":"teleop","markerType":"Amplifier","markerColor":{"red":84,"green":255,"blue":200,"alpha":0.5}},"Amplifier5":{"x":20,"y":1,"isMarkedOnce":"false","isSingleSpace":"false","gameState":"teleop","ampState":"","spotlitState":"","teamNumber":"3005","timestamp":130.74142331099938,"score":1,"markerLocationType":"Amplifier","GameState":"teleop","markerType":"Amplifier","markerColor":{"red":84,"green":255,"blue":200,"alpha":0.5}},"Amplified5":{"x":27,"y":10,"isMarkedOnce":"false","isSingleSpace":"false","gameState":"teleop","ampState":"","spotlitState":"","teamNumber":"3005","timestamp":134.84051975300008,"score":2,"markerLocationType":"Speaker","GameState":"teleop","markerType":"Amplified","markerColor":{"red":84,"green":255,"blue":200,"alpha":0.5}},"Speaker9":{"x":27,"y":10,"isMarkedOnce":"false","isSingleSpace":"false","gameState":"teleop","ampState":"","spotlitState":"","teamNumber":"3005","timestamp":149.30889187399953,"score":2,"markerLocationType":"Speaker","GameState":"teleop","markerType":"Speaker","markerColor":{"red":84,"green":255,"blue":200,"alpha":0.5}}},"teams":[{"scout":"Aryan","teamNumber":"3005","idx":5,"allianceColor":"red","markerColor":{"red":84,"green":255,"blue":200,"alpha":0.5},"gameState":{"markerScore":0,"parkingScore":0,"parkingState":"","auton":{"markerScore":0,"parkingScore":0,"parkingState":""},"teleop":{"markerScore":0,"parkingScore":0,"parkingState":""}},"teleopScore":{"Score":0,"TeleopScore":34,"AutonScore":0,"AmpScore":3,"AmpCount":3,"SpeakerScore":6,"SpeakerCount":3,"TrapScore":0,"TrapCount":0,"AmplifiedCount":5,"AmplifiedScore":25,"MobileScore":0,"OnStageScore":0,"SpotlightScore":0,"ParkingScore":0,"HarmonyScore":0,"PassingCount":1},"autonScore":{"Score":0,"TeleopScore":0,"AutonScore":24,"AmpScore":4,"AmpCount":2,"SpeakerScore":20,"SpeakerCount":4,"TrapScore":0,"TrapCount":0,"AmplifiedCount":0,"AmplifiedScore":0,"MobileScore":0,"OnStageScore":0,"SpotlightScore":0,"ParkingScore":0,"HarmonyScore":0,"PassingCount":0},"passes":0,"connection":true,"onStage":false,"mobile":true,"isDisabled":0,"gameStateScore":"{\"markerScore\":0,\"parkingScore\":0,\"parkingState\":\"\",\"auton\":{\"markerScore\":0,\"parkingScore\":0,\"parkingState\":\"\"},\"teleop\":{\"markerScore\":0,\"parkingScore\":0,\"parkingState\":\"\"}}"},{"scout":"Athindra","teamNumber":"9105","idx":4,"allianceColor":"red","markerColor":{"red":84,"green":255,"blue":200,"alpha":0.5},"gameState":{"markerScore":0,"parkingScore":0,"parkingState":"","auton":{"markerScore":0,"parkingScore":0,"parkingState":""},"teleop":{"markerScore":0,"parkingScore":0,"parkingState":""}},"teleopScore":{"Score":0,"TeleopScore":22,"AutonScore":0,"AmpScore":0,"AmpCount":0,"SpeakerScore":2,"SpeakerCount":1,"TrapScore":0,"TrapCount":0,"AmplifiedCount":4,"AmplifiedScore":20,"MobileScore":0,"OnStageScore":0,"SpotlightScore":0,"ParkingScore":0,"HarmonyScore":0,"PassingCount":0},"autonScore":{"Score":0,"TeleopScore":0,"AutonScore":5,"AmpScore":0,"AmpCount":0,"SpeakerScore":5,"SpeakerCount":1,"TrapScore":0,"TrapCount":0,"AmplifiedCount":0,"AmplifiedScore":0,"MobileScore":0,"OnStageScore":0,"SpotlightScore":0,"ParkingScore":0,"HarmonyScore":0,"PassingCount":0},"passes":0,"connection":true,"onStage":false,"mobile":false,"isDisabled":0,"gameStateScore":"{\"markerScore\":0,\"parkingScore\":0,\"parkingState\":\"\",\"auton\":{\"markerScore\":0,\"parkingScore\":0,\"parkingState\":\"\"},\"teleop\":{\"markerScore\":0,\"parkingScore\":0,\"parkingState\":\"\"}}"}]}}