{
    "matchNumber": "30",
    "matchTime": 6846.759479437,
    "blue": {
        "totalScore": {
            "Score": 49,
            "TeleopScore": 39,
            "AutonScore": 10,
            "AmpScore": 0,
            "AmpCount": 0,
            "SpeakerScore": 44,
            "SpeakerCount": 19,
            "TrapScore": 5,
            "TrapCount": 1,
            "AmplifiedCount": 0,
            "AmplifiedScore": 0,
            "MobileScore": 0,
            "OnStageScore": 0,
            "SpotlightScore": 0,
            "ParkingScore": 0,
            "HarmonyScore": 0,
            "PassingCount": 0
        },
        "preGameMarkers": {},
        "autonGameMarkers": {
            "Speaker1": {
                "x": 1,
                "y": 11,
                "isMarkedOnce": "false",
                "isSingleSpace": "false",
                "gameState": "auton",
                "ampState": "",
                "spotlitState": "",
                "teamNumber": "8088",
                "timestamp": 26.134319522001533,
                "score": 5,
                "markerLocationType": "Speaker",
                "GameState": "auton",
                "markerType": "Speaker",
                "markerColor": {
                    "red": 10,
                    "green": 35,
                    "blue": 255,
                    "alpha": 0.8
                }
            },
            "Speaker2": {
                "x": 1,
                "y": 12,
                "isMarkedOnce": "false",
                "isSingleSpace": "false",
                "gameState": "auton",
                "ampState": "",
                "spotlitState": "",
                "teamNumber": "9105",
                "timestamp": 28.060146965000968,
                "score": 5,
                "markerLocationType": "Speaker",
                "GameState": "auton",
                "markerType": "Speaker",
                "markerColor": {
                    "red": 174,
                    "green": 68,
                    "blue": 255,
                    "alpha": 0.8
                }
            }
        },
        "teleopGameMarkers": {
            "Speaker3": {
                "x": 1,
                "y": 11,
                "isMarkedOnce": "false",
                "isSingleSpace": "false",
                "gameState": "teleop",
                "ampState": "",
                "spotlitState": "",
                "teamNumber": "8088",
                "timestamp": 34.73923803500111,
                "score": 2,
                "markerLocationType": "Speaker",
                "GameState": "teleop",
                "markerType": "Speaker",
                "markerColor": {
                    "red": 10,
                    "green": 35,
                    "blue": 255,
                    "alpha": 0.5
                }
            },
            "Speaker4": {
                "x": 1,
                "y": 10,
                "isMarkedOnce": "false",
                "isSingleSpace": "false",
                "gameState": "teleop",
                "ampState": "",
                "spotlitState": "",
                "teamNumber": "9105",
                "timestamp": 39.79008747700118,
                "score": 2,
                "markerLocationType": "Speaker",
                "GameState": "teleop",
                "markerType": "Speaker",
                "markerColor": {
                    "red": 174,
                    "green": 68,
                    "blue": 255,
                    "alpha": 0.5
                }
            },
            "Speaker5": {
                "x": 0,
                "y": 11,
                "isMarkedOnce": "false",
                "isSingleSpace": "false",
                "gameState": "teleop",
                "ampState": "",
                "spotlitState": "",
                "teamNumber": "9752",
                "timestamp": 44.71370886299974,
                "score": 2,
                "markerLocationType": "Speaker",
                "GameState": "teleop",
                "markerType": "Speaker",
                "markerColor": {
                    "red": 35,
                    "green": 222,
                    "blue": 255,
                    "alpha": 0.5
                }
            },
            "Speaker6": {
                "x": 1,
                "y": 12,
                "isMarkedOnce": "false",
                "isSingleSpace": "false",
                "gameState": "teleop",
                "ampState": "",
                "spotlitState": "",
                "teamNumber": "8088",
                "timestamp": 47.103610491000836,
                "score": 2,
                "markerLocationType": "Speaker",
                "GameState": "teleop",
                "markerType": "Speaker",
                "markerColor": {
                    "red": 10,
                    "green": 35,
                    "blue": 255,
                    "alpha": 0.5
                }
            },
            "Speaker7": {
                "x": 1,
                "y": 12,
                "isMarkedOnce": "false",
                "isSingleSpace": "false",
                "gameState": "teleop",
                "ampState": "",
                "spotlitState": "",
                "teamNumber": "8088",
                "timestamp": 51.98238469200078,
                "score": 2,
                "markerLocationType": "Speaker",
                "GameState": "teleop",
                "markerType": "Speaker",
                "markerColor": {
                    "red": 10,
                    "green": 35,
                    "blue": 255,
                    "alpha": 0.5
                }
            },
            "Speaker8": {
                "x": 1,
                "y": 12,
                "isMarkedOnce": "false",
                "isSingleSpace": "false",
                "gameState": "teleop",
                "ampState": "",
                "spotlitState": "",
                "teamNumber": "8088",
                "timestamp": 63.643604314000186,
                "score": 2,
                "markerLocationType": "Speaker",
                "GameState": "teleop",
                "markerType": "Speaker",
                "markerColor": {
                    "red": 10,
                    "green": 35,
                    "blue": 255,
                    "alpha": 0.5
                }
            },
            "Speaker9": {
                "x": 1,
                "y": 11,
                "isMarkedOnce": "false",
                "isSingleSpace": "false",
                "gameState": "teleop",
                "ampState": "",
                "spotlitState": "",
                "teamNumber": "8088",
                "timestamp": 77.46992663900073,
                "score": 2,
                "markerLocationType": "Speaker",
                "GameState": "teleop",
                "markerType": "Speaker",
                "markerColor": {
                    "red": 10,
                    "green": 35,
                    "blue": 255,
                    "alpha": 0.5
                }
            },
            "Speaker10": {
                "x": 0,
                "y": 10,
                "isMarkedOnce": "false",
                "isSingleSpace": "false",
                "gameState": "teleop",
                "ampState": "",
                "spotlitState": "",
                "teamNumber": "9105",
                "timestamp": 81.799616100001,
                "score": 2,
                "markerLocationType": "Speaker",
                "GameState": "teleop",
                "markerType": "Speaker",
                "markerColor": {
                    "red": 174,
                    "green": 68,
                    "blue": 255,
                    "alpha": 0.5
                }
            },
            "Speaker11": {
                "x": 1,
                "y": 11,
                "isMarkedOnce": "false",
                "isSingleSpace": "false",
                "gameState": "teleop",
                "ampState": "",
                "spotlitState": "",
                "teamNumber": "9752",
                "timestamp": 86.91933776300084,
                "score": 2,
                "markerLocationType": "Speaker",
                "GameState": "teleop",
                "markerType": "Speaker",
                "markerColor": {
                    "red": 35,
                    "green": 222,
                    "blue": 255,
                    "alpha": 0.5
                }
            },
            "Speaker12": {
                "x": 1,
                "y": 11,
                "isMarkedOnce": "false",
                "isSingleSpace": "false",
                "gameState": "teleop",
                "ampState": "",
                "spotlitState": "",
                "teamNumber": "8088",
                "timestamp": 90.19320429800155,
                "score": 2,
                "markerLocationType": "Speaker",
                "GameState": "teleop",
                "markerType": "Speaker",
                "markerColor": {
                    "red": 10,
                    "green": 35,
                    "blue": 255,
                    "alpha": 0.5
                }
            },
            "Speaker13": {
                "x": 1,
                "y": 11,
                "isMarkedOnce": "false",
                "isSingleSpace": "false",
                "gameState": "teleop",
                "ampState": "",
                "spotlitState": "",
                "teamNumber": "9105",
                "timestamp": 100.88781718100108,
                "score": 2,
                "markerLocationType": "Speaker",
                "GameState": "teleop",
                "markerType": "Speaker",
                "markerColor": {
                    "red": 174,
                    "green": 68,
                    "blue": 255,
                    "alpha": 0.5
                }
            },
            "Speaker14": {
                "x": 0,
                "y": 11,
                "isMarkedOnce": "false",
                "isSingleSpace": "false",
                "gameState": "teleop",
                "ampState": "",
                "spotlitState": "",
                "teamNumber": "9752",
                "timestamp": 108.7430579540005,
                "score": 2,
                "markerLocationType": "Speaker",
                "GameState": "teleop",
                "markerType": "Speaker",
                "markerColor": {
                    "red": 35,
                    "green": 222,
                    "blue": 255,
                    "alpha": 0.5
                }
            },
            "Speaker15": {
                "x": 0,
                "y": 11,
                "isMarkedOnce": "false",
                "isSingleSpace": "false",
                "gameState": "teleop",
                "ampState": "",
                "spotlitState": "",
                "teamNumber": "9105",
                "timestamp": 118.59281942999951,
                "score": 2,
                "markerLocationType": "Speaker",
                "GameState": "teleop",
                "markerType": "Speaker",
                "markerColor": {
                    "red": 174,
                    "green": 68,
                    "blue": 255,
                    "alpha": 0.5
                }
            },
            "Speaker16": {
                "x": 1,
                "y": 12,
                "isMarkedOnce": "false",
                "isSingleSpace": "false",
                "gameState": "teleop",
                "ampState": "",
                "spotlitState": "",
                "teamNumber": "8088",
                "timestamp": 119.26014837400089,
                "score": 2,
                "markerLocationType": "Speaker",
                "GameState": "teleop",
                "markerType": "Speaker",
                "markerColor": {
                    "red": 10,
                    "green": 35,
                    "blue": 255,
                    "alpha": 0.5
                }
            },
            "Speaker17": {
                "x": 1,
                "y": 11,
                "isMarkedOnce": "false",
                "isSingleSpace": "false",
                "gameState": "teleop",
                "ampState": "",
                "spotlitState": "",
                "teamNumber": "9105",
                "timestamp": 122.44180909400075,
                "score": 2,
                "markerLocationType": "Speaker",
                "GameState": "teleop",
                "markerType": "Speaker",
                "markerColor": {
                    "red": 174,
                    "green": 68,
                    "blue": 255,
                    "alpha": 0.5
                }
            },
            "Speaker18": {
                "x": 1,
                "y": 11,
                "isMarkedOnce": "false",
                "isSingleSpace": "false",
                "gameState": "teleop",
                "ampState": "",
                "spotlitState": "",
                "teamNumber": "9752",
                "timestamp": 124.74197983300019,
                "score": 2,
                "markerLocationType": "Speaker",
                "GameState": "teleop",
                "markerType": "Speaker",
                "markerColor": {
                    "red": 35,
                    "green": 222,
                    "blue": 255,
                    "alpha": 0.5
                }
            },
            "Speaker19": {
                "x": 1,
                "y": 12,
                "isMarkedOnce": "false",
                "isSingleSpace": "false",
                "gameState": "teleop",
                "ampState": "",
                "spotlitState": "",
                "teamNumber": "8088",
                "timestamp": 140.8811234900004,
                "score": 2,
                "markerLocationType": "Speaker",
                "GameState": "teleop",
                "markerType": "Speaker",
                "markerColor": {
                    "red": 10,
                    "green": 35,
                    "blue": 255,
                    "alpha": 0.5
                }
            },
            "Trap3": {
                "x": 21,
                "y": 14,
                "isMarkedOnce": "true",
                "isSingleSpace": "true",
                "gameState": "teleop",
                "ampState": "",
                "spotlitState": "",
                "teamNumber": "8088",
                "timestamp": 154.7686508709994,
                "score": 5,
                "markerLocationCoordinates": {
                    "x": "175",
                    "y": "-31",
                    "w": "20",
                    "h": "40"
                },
                "markerRotation": "0",
                "markerLocationType": "Trap3",
                "GameState": "teleop",
                "markerType": "Trap",
                "markerColor": {
                    "red": 10,
                    "green": 35,
                    "blue": 255,
                    "alpha": 0.5
                }
            },
            "Onstage2.2": {
                "x": 17,
                "y": 9,
                "isMarkedOnce": "true",
                "isSingleSpace": "true",
                "gameState": "teleop",
                "ampState": "",
                "spotlitState": "",
                "teamNumber": "9752",
                "timestamp": 155.53935185200044,
                "score": 3,
                "markerLocationCoordinates": {
                    "x": "-44",
                    "y": "-165",
                    "w": "8",
                    "h": "75"
                },
                "markerRotation": "60",
                "markerLocationType": "Onstage2.2",
                "GameState": "teleop",
                "markerType": "Onstage",
                "markerColor": {
                    "red": 35,
                    "green": 222,
                    "blue": 255,
                    "alpha": 0.5
                }
            }
        },
        "teams": [
            {
                "scout": "Michael",
                "teamNumber": "9105",
                "idx": 1,
                "allianceColor": "blue",
                "markerColor": {
                    "red": 174,
                    "green": 68,
                    "blue": 255,
                    "alpha": 0.5
                },
                "gameState": {
                    "markerScore": 0,
                    "parkingScore": 0,
                    "parkingState": "",
                    "auton": {
                        "markerScore": 0,
                        "parkingScore": 0,
                        "parkingState": ""
                    },
                    "teleop": {
                        "markerScore": 0,
                        "parkingScore": 0,
                        "parkingState": ""
                    }
                },
                "teleopScore": {
                    "Score": 0,
                    "TeleopScore": 10,
                    "AutonScore": 0,
                    "AmpScore": 0,
                    "AmpCount": 0,
                    "SpeakerScore": 10,
                    "SpeakerCount": 5,
                    "TrapScore": 0,
                    "TrapCount": 0,
                    "AmplifiedCount": 0,
                    "AmplifiedScore": 0,
                    "MobileScore": 0,
                    "OnStageScore": 0,
                    "SpotlightScore": 0,
                    "ParkingScore": 0,
                    "HarmonyScore": 0,
                    "PassingCount": 0
                },
                "autonScore": {
                    "Score": 0,
                    "TeleopScore": 0,
                    "AutonScore": 5,
                    "AmpScore": 0,
                    "AmpCount": 0,
                    "SpeakerScore": 5,
                    "SpeakerCount": 1,
                    "TrapScore": 0,
                    "TrapCount": 0,
                    "AmplifiedCount": 0,
                    "AmplifiedScore": 0,
                    "MobileScore": 0,
                    "OnStageScore": 0,
                    "SpotlightScore": 0,
                    "ParkingScore": 0,
                    "HarmonyScore": 0,
                    "PassingCount": 0
                },
                "passes": 0,
                "connection": true,
                "onStage": false,
                "mobile": true,
                "isDisabled": 0,
                "gameStateScore": "{\"markerScore\":0,\"parkingScore\":0,\"parkingState\":\"\",\"auton\":{\"markerScore\":0,\"parkingScore\":0,\"parkingState\":\"\"},\"teleop\":{\"markerScore\":0,\"parkingScore\":0,\"parkingState\":\"\"}}"
            },
            {
                "scout": "Swetha",
                "teamNumber": "9752",
                "idx": 2,
                "allianceColor": "blue",
                "markerColor": {
                    "red": 35,
                    "green": 222,
                    "blue": 255,
                    "alpha": 0.5
                },
                "gameState": {
                    "markerScore": 0,
                    "parkingScore": 0,
                    "parkingState": "",
                    "auton": {
                        "markerScore": 0,
                        "parkingScore": 0,
                        "parkingState": ""
                    },
                    "teleop": {
                        "markerScore": 0,
                        "parkingScore": 0,
                        "parkingState": ""
                    }
                },
                "teleopScore": {
                    "Score": 0,
                    "TeleopScore": 8,
                    "AutonScore": 0,
                    "AmpScore": 0,
                    "AmpCount": 0,
                    "SpeakerScore": 8,
                    "SpeakerCount": 4,
                    "TrapScore": 0,
                    "TrapCount": 0,
                    "AmplifiedCount": 0,
                    "AmplifiedScore": 0,
                    "MobileScore": 0,
                    "OnStageScore": 0,
                    "SpotlightScore": 0,
                    "ParkingScore": 0,
                    "HarmonyScore": 0,
                    "PassingCount": 0
                },
                "autonScore": {
                    "Score": 0,
                    "TeleopScore": 0,
                    "AutonScore": 0,
                    "AmpScore": 0,
                    "AmpCount": 0,
                    "SpeakerScore": 0,
                    "SpeakerCount": 0,
                    "TrapScore": 0,
                    "TrapCount": 0,
                    "AmplifiedCount": 0,
                    "AmplifiedScore": 0,
                    "MobileScore": 0,
                    "OnStageScore": 0,
                    "SpotlightScore": 0,
                    "ParkingScore": 0,
                    "HarmonyScore": 0,
                    "PassingCount": 0
                },
                "passes": 0,
                "connection": true,
                "onStage": false,
                "mobile": true,
                "isDisabled": 0,
                "gameStateScore": "{\"markerScore\":0,\"parkingScore\":0,\"parkingState\":\"\",\"auton\":{\"markerScore\":0,\"parkingScore\":0,\"parkingState\":\"\"},\"teleop\":{\"markerScore\":0,\"parkingScore\":0,\"parkingState\":\"\"}}"
            },
            {
                "scout": "Karan",
                "teamNumber": "8088",
                "idx": 3,
                "allianceColor": "blue",
                "markerColor": {
                    "red": 10,
                    "green": 35,
                    "blue": 255,
                    "alpha": 0.5
                },
                "gameState": {
                    "markerScore": 0,
                    "parkingScore": 0,
                    "parkingState": "",
                    "auton": {
                        "markerScore": 0,
                        "parkingScore": 0,
                        "parkingState": ""
                    },
                    "teleop": {
                        "markerScore": 0,
                        "parkingScore": 0,
                        "parkingState": ""
                    }
                },
                "teleopScore": {
                    "Score": 0,
                    "TeleopScore": 17,
                    "AutonScore": 0,
                    "AmpScore": 0,
                    "AmpCount": 0,
                    "SpeakerScore": 16,
                    "SpeakerCount": 8,
                    "TrapScore": 5,
                    "TrapCount": 1,
                    "AmplifiedCount": 0,
                    "AmplifiedScore": 0,
                    "MobileScore": 0,
                    "OnStageScore": 0,
                    "SpotlightScore": 0,
                    "ParkingScore": 0,
                    "HarmonyScore": 0,
                    "PassingCount": 0
                },
                "autonScore": {
                    "Score": 0,
                    "TeleopScore": 0,
                    "AutonScore": 5,
                    "AmpScore": 0,
                    "AmpCount": 0,
                    "SpeakerScore": 5,
                    "SpeakerCount": 1,
                    "TrapScore": 0,
                    "TrapCount": 0,
                    "AmplifiedCount": 0,
                    "AmplifiedScore": 0,
                    "MobileScore": 0,
                    "OnStageScore": 0,
                    "SpotlightScore": 0,
                    "ParkingScore": 0,
                    "HarmonyScore": 0,
                    "PassingCount": 0
                },
                "passes": 0,
                "connection": true,
                "onStage": false,
                "mobile": false,
                "isDisabled": 0,
                "gameStateScore": "{\"markerScore\":0,\"parkingScore\":0,\"parkingState\":\"\",\"auton\":{\"markerScore\":0,\"parkingScore\":0,\"parkingState\":\"\"},\"teleop\":{\"markerScore\":0,\"parkingScore\":0,\"parkingState\":\"\"}}"
            }
        ]
    },
    "red": {
        "totalScore": {
            "Score": 32,
            "TeleopScore": 27,
            "AutonScore": 5,
            "AmpScore": 6,
            "AmpCount": 6,
            "SpeakerScore": 21,
            "SpeakerCount": 9,
            "TrapScore": 5,
            "TrapCount": 1,
            "AmplifiedCount": 0,
            "AmplifiedScore": 0,
            "MobileScore": 0,
            "OnStageScore": 0,
            "SpotlightScore": 0,
            "ParkingScore": 0,
            "HarmonyScore": 0,
            "PassingCount": 0
        },
        "preGameMarkers": {},
        "autonGameMarkers": {
            "Speaker1": {
                "x": 26,
                "y": 11,
                "isMarkedOnce": "false",
                "isSingleSpace": "false",
                "gameState": "auton",
                "ampState": "",
                "spotlitState": "",
                "teamNumber": "7492",
                "timestamp": 26.459755225001572,
                "score": 5,
                "markerLocationType": "Speaker",
                "GameState": "auton",
                "markerType": "Speaker",
                "markerColor": {
                    "red": 255,
                    "green": 255,
                    "blue": 66,
                    "alpha": 0.8
                }
            }
        },
        "teleopGameMarkers": {
            "Speaker2": {
                "x": 26,
                "y": 11,
                "isMarkedOnce": "false",
                "isSingleSpace": "false",
                "gameState": "teleop",
                "ampState": "",
                "spotlitState": "",
                "teamNumber": "7492",
                "timestamp": 38.37352710700088,
                "score": 2,
                "markerLocationType": "Speaker",
                "GameState": "teleop",
                "markerType": "Speaker",
                "markerColor": {
                    "red": 255,
                    "green": 255,
                    "blue": 66,
                    "alpha": 0.5
                }
            },
            "Amplifier1": {
                "x": 20,
                "y": 1,
                "isMarkedOnce": "false",
                "isSingleSpace": "false",
                "gameState": "teleop",
                "ampState": "",
                "spotlitState": "",
                "teamNumber": "9081",
                "timestamp": 46.759728269000334,
                "score": 1,
                "markerLocationType": "Amplifier",
                "GameState": "teleop",
                "markerType": "Amplifier",
                "markerColor": {
                    "red": 17,
                    "green": 144,
                    "blue": 255,
                    "alpha": 0.5
                }
            },
            "Amplifier2": {
                "x": 19,
                "y": 1,
                "isMarkedOnce": "false",
                "isSingleSpace": "false",
                "gameState": "teleop",
                "ampState": "",
                "spotlitState": "",
                "teamNumber": "8512",
                "timestamp": 53.803274487000635,
                "score": 1,
                "markerLocationType": "Amplifier",
                "GameState": "teleop",
                "markerType": "Amplifier",
                "markerColor": {
                    "red": 147,
                    "green": 255,
                    "blue": 89,
                    "alpha": 0.5
                }
            },
            "Amplifier3": {
                "x": 21,
                "y": 1,
                "isMarkedOnce": "false",
                "isSingleSpace": "false",
                "gameState": "teleop",
                "ampState": "",
                "spotlitState": "",
                "teamNumber": "9081",
                "timestamp": 56.4021867449992,
                "score": 1,
                "markerLocationType": "Amplifier",
                "GameState": "teleop",
                "markerType": "Amplifier",
                "markerColor": {
                    "red": 17,
                    "green": 144,
                    "blue": 255,
                    "alpha": 0.5
                }
            },
            "Speaker3": {
                "x": 26,
                "y": 11,
                "isMarkedOnce": "false",
                "isSingleSpace": "false",
                "gameState": "teleop",
                "ampState": "",
                "spotlitState": "",
                "teamNumber": "7492",
                "timestamp": 80.37340485999994,
                "score": 2,
                "markerLocationType": "Speaker",
                "GameState": "teleop",
                "markerType": "Speaker",
                "markerColor": {
                    "red": 255,
                    "green": 255,
                    "blue": 66,
                    "alpha": 0.5
                }
            },
            "Speaker4": {
                "x": 27,
                "y": 11,
                "isMarkedOnce": "false",
                "isSingleSpace": "false",
                "gameState": "teleop",
                "ampState": "",
                "spotlitState": "",
                "teamNumber": "7492",
                "timestamp": 90.7463446870006,
                "score": 2,
                "markerLocationType": "Speaker",
                "GameState": "teleop",
                "markerType": "Speaker",
                "markerColor": {
                    "red": 255,
                    "green": 255,
                    "blue": 66,
                    "alpha": 0.5
                }
            },
            "Amplifier4": {
                "x": 20,
                "y": 1,
                "isMarkedOnce": "false",
                "isSingleSpace": "false",
                "gameState": "teleop",
                "ampState": "",
                "spotlitState": "",
                "teamNumber": "9081",
                "timestamp": 90.75313742800063,
                "score": 1,
                "markerLocationType": "Amplifier",
                "GameState": "teleop",
                "markerType": "Amplifier",
                "markerColor": {
                    "red": 17,
                    "green": 144,
                    "blue": 255,
                    "alpha": 0.5
                }
            },
            "Speaker5": {
                "x": 26,
                "y": 11,
                "isMarkedOnce": "false",
                "isSingleSpace": "false",
                "gameState": "teleop",
                "ampState": "",
                "spotlitState": "",
                "teamNumber": "7492",
                "timestamp": 107.59180313999968,
                "score": 2,
                "markerLocationType": "Speaker",
                "GameState": "teleop",
                "markerType": "Speaker",
                "markerColor": {
                    "red": 255,
                    "green": 255,
                    "blue": 66,
                    "alpha": 0.5
                }
            },
            "Amplifier5": {
                "x": 20,
                "y": 1,
                "isMarkedOnce": "false",
                "isSingleSpace": "false",
                "gameState": "teleop",
                "ampState": "",
                "spotlitState": "",
                "teamNumber": "8512",
                "timestamp": 109.600954120001,
                "score": 1,
                "markerLocationType": "Amplifier",
                "GameState": "teleop",
                "markerType": "Amplifier",
                "markerColor": {
                    "red": 147,
                    "green": 255,
                    "blue": 89,
                    "alpha": 0.5
                }
            },
            "Amplifier6": {
                "x": 21,
                "y": 1,
                "isMarkedOnce": "false",
                "isSingleSpace": "false",
                "gameState": "teleop",
                "ampState": "",
                "spotlitState": "",
                "teamNumber": "9081",
                "timestamp": 134.05898364300174,
                "score": 1,
                "markerLocationType": "Amplifier",
                "GameState": "teleop",
                "markerType": "Amplifier",
                "markerColor": {
                    "red": 17,
                    "green": 144,
                    "blue": 255,
                    "alpha": 0.5
                }
            },
            "Speaker6": {
                "x": 27,
                "y": 11,
                "isMarkedOnce": "false",
                "isSingleSpace": "false",
                "gameState": "teleop",
                "ampState": "",
                "spotlitState": "",
                "teamNumber": "9081",
                "timestamp": 145.20889482099938,
                "score": 2,
                "markerLocationType": "Speaker",
                "GameState": "teleop",
                "markerType": "Speaker",
                "markerColor": {
                    "red": 17,
                    "green": 144,
                    "blue": 255,
                    "alpha": 0.5
                }
            },
            "Spotlight2": {
                "x": 8,
                "y": 12,
                "isMarkedOnce": "true",
                "isSingleSpace": "true",
                "gameState": "teleop",
                "ampState": "",
                "spotlitState": "",
                "teamNumber": "7492",
                "timestamp": 154.0960991490001,
                "score": 0,
                "markerLocationCoordinates": {
                    "x": "-136",
                    "y": "-27",
                    "w": "10",
                    "h": "0"
                },
                "markerRotation": "0",
                "markerLocationType": "Spotlight2",
                "GameState": "teleop",
                "markerType": "Spotlight",
                "markerColor": {
                    "red": 255,
                    "green": 255,
                    "blue": 66,
                    "alpha": 0.5
                }
            },
            "Speaker9": {
                "x": 27,
                "y": 11,
                "isMarkedOnce": "false",
                "isSingleSpace": "false",
                "gameState": "teleop",
                "ampState": "",
                "spotlitState": "",
                "teamNumber": "8512",
                "timestamp": 154.7785913710004,
                "score": 2,
                "markerLocationType": "Speaker",
                "GameState": "teleop",
                "markerType": "Speaker",
                "markerColor": {
                    "red": 147,
                    "green": 255,
                    "blue": 89,
                    "alpha": 0.5
                }
            },
            "Spotlight1": {
                "x": 8,
                "y": 14,
                "isMarkedOnce": "true",
                "isSingleSpace": "true",
                "gameState": "teleop",
                "ampState": "",
                "spotlitState": "",
                "teamNumber": "7492",
                "timestamp": 155.36925357400105,
                "score": 0,
                "markerLocationCoordinates": {
                    "x": "-136",
                    "y": "3",
                    "w": "10",
                    "h": "0"
                },
                "markerRotation": "0",
                "markerLocationType": "Spotlight1",
                "GameState": "teleop",
                "markerType": "Spotlight",
                "markerColor": {
                    "red": 255,
                    "green": 255,
                    "blue": 66,
                    "alpha": 0.5
                }
            },
            "Trap2": {
                "x": 9,
                "y": 12,
                "isMarkedOnce": "true",
                "isSingleSpace": "true",
                "gameState": "teleop",
                "ampState": "",
                "spotlitState": "",
                "teamNumber": "7492",
                "timestamp": 156.68344344400066,
                "score": 5,
                "markerLocationCoordinates": {
                    "x": "-31",
                    "y": "-150",
                    "w": "20",
                    "h": "40"
                },
                "markerRotation": "-60",
                "markerLocationType": "Trap2",
                "GameState": "teleop",
                "markerType": "Trap",
                "markerColor": {
                    "red": 255,
                    "green": 255,
                    "blue": 66,
                    "alpha": 0.5
                }
            }
        },
        "teams": [
            {
                "scout": "Cody",
                "teamNumber": "7492",
                "idx": 4,
                "allianceColor": "red",
                "markerColor": {
                    "red": 255,
                    "green": 255,
                    "blue": 66,
                    "alpha": 0.5
                },
                "gameState": {
                    "markerScore": 0,
                    "parkingScore": 0,
                    "parkingState": "",
                    "auton": {
                        "markerScore": 0,
                        "parkingScore": 0,
                        "parkingState": ""
                    },
                    "teleop": {
                        "markerScore": 0,
                        "parkingScore": 0,
                        "parkingState": ""
                    }
                },
                "teleopScore": {
                    "Score": 0,
                    "TeleopScore": 9,
                    "AutonScore": 0,
                    "AmpScore": 0,
                    "AmpCount": 0,
                    "SpeakerScore": 8,
                    "SpeakerCount": 4,
                    "TrapScore": 5,
                    "TrapCount": 1,
                    "AmplifiedCount": 0,
                    "AmplifiedScore": 0,
                    "MobileScore": 0,
                    "OnStageScore": 0,
                    "SpotlightScore": 0,
                    "ParkingScore": 0,
                    "HarmonyScore": 0,
                    "PassingCount": 0
                },
                "autonScore": {
                    "Score": 0,
                    "TeleopScore": 0,
                    "AutonScore": 5,
                    "AmpScore": 0,
                    "AmpCount": 0,
                    "SpeakerScore": 5,
                    "SpeakerCount": 1,
                    "TrapScore": 0,
                    "TrapCount": 0,
                    "AmplifiedCount": 0,
                    "AmplifiedScore": 0,
                    "MobileScore": 0,
                    "OnStageScore": 0,
                    "SpotlightScore": 0,
                    "ParkingScore": 0,
                    "HarmonyScore": 0,
                    "PassingCount": 0
                },
                "passes": 0,
                "connection": true,
                "onStage": false,
                "mobile": false,
                "isDisabled": 0,
                "gameStateScore": "{\"markerScore\":0,\"parkingScore\":0,\"parkingState\":\"\",\"auton\":{\"markerScore\":0,\"parkingScore\":0,\"parkingState\":\"\"},\"teleop\":{\"markerScore\":0,\"parkingScore\":0,\"parkingState\":\"\"}}"
            },
            {
                "scout": "Aaditeya",
                "teamNumber": "8512",
                "idx": 5,
                "allianceColor": "red",
                "markerColor": {
                    "red": 147,
                    "green": 255,
                    "blue": 89,
                    "alpha": 0.5
                },
                "gameState": {
                    "markerScore": 0,
                    "parkingScore": 0,
                    "parkingState": "",
                    "auton": {
                        "markerScore": 0,
                        "parkingScore": 0,
                        "parkingState": ""
                    },
                    "teleop": {
                        "markerScore": 0,
                        "parkingScore": 0,
                        "parkingState": ""
                    }
                },
                "teleopScore": {
                    "Score": 0,
                    "TeleopScore": 4,
                    "AutonScore": 0,
                    "AmpScore": 2,
                    "AmpCount": 2,
                    "SpeakerScore": 2,
                    "SpeakerCount": 1,
                    "TrapScore": 0,
                    "TrapCount": 0,
                    "AmplifiedCount": 0,
                    "AmplifiedScore": 0,
                    "MobileScore": 0,
                    "OnStageScore": 0,
                    "SpotlightScore": 0,
                    "ParkingScore": 0,
                    "HarmonyScore": 0,
                    "PassingCount": 0
                },
                "autonScore": {
                    "Score": 0,
                    "TeleopScore": 0,
                    "AutonScore": 0,
                    "AmpScore": 0,
                    "AmpCount": 0,
                    "SpeakerScore": 0,
                    "SpeakerCount": 0,
                    "TrapScore": 0,
                    "TrapCount": 0,
                    "AmplifiedCount": 0,
                    "AmplifiedScore": 0,
                    "MobileScore": 0,
                    "OnStageScore": 0,
                    "SpotlightScore": 0,
                    "ParkingScore": 0,
                    "HarmonyScore": 0,
                    "PassingCount": 0
                },
                "passes": 0,
                "connection": true,
                "onStage": false,
                "mobile": true,
                "isDisabled": 0,
                "gameStateScore": "{\"markerScore\":0,\"parkingScore\":0,\"parkingState\":\"\",\"auton\":{\"markerScore\":0,\"parkingScore\":0,\"parkingState\":\"\"},\"teleop\":{\"markerScore\":0,\"parkingScore\":0,\"parkingState\":\"\"}}"
            },
            {
                "scout": "Nandika",
                "teamNumber": "9081",
                "idx": 6,
                "allianceColor": "red",
                "markerColor": {
                    "red": 17,
                    "green": 144,
                    "blue": 255,
                    "alpha": 0.5
                },
                "gameState": {
                    "markerScore": 0,
                    "parkingScore": 0,
                    "parkingState": "",
                    "teleop": {
                        "markerScore": 0,
                        "parkingScore": 0,
                        "parkingState": ""
                    }
                },
                "teleopScore": {
                    "Score": 0,
                    "TeleopScore": 4,
                    "AutonScore": 0,
                    "AmpScore": 4,
                    "AmpCount": 4,
                    "SpeakerScore": 0,
                    "SpeakerCount": 0,
                    "TrapScore": 0,
                    "TrapCount": 0,
                    "AmplifiedCount": 0,
                    "AmplifiedScore": 0,
                    "MobileScore": 0,
                    "OnStageScore": 0,
                    "SpotlightScore": 0,
                    "ParkingScore": 0,
                    "HarmonyScore": 0,
                    "PassingCount": 0
                },
                "autonScore": {
                    "Score": 0,
                    "TeleopScore": 0,
                    "AutonScore": 0,
                    "AmpScore": 0,
                    "AmpCount": 0,
                    "SpeakerScore": 0,
                    "SpeakerCount": 0,
                    "TrapScore": 0,
                    "TrapCount": 0,
                    "AmplifiedCount": 0,
                    "AmplifiedScore": 0,
                    "MobileScore": 0,
                    "OnStageScore": 0,
                    "SpotlightScore": 0,
                    "ParkingScore": 0,
                    "HarmonyScore": 0,
                    "PassingCount": 0
                },
                "passes": 0,
                "connection": true,
                "onStage": false,
                "mobile": false,
                "isDisabled": 0,
                "gameStateScore": "{\"markerScore\":0,\"parkingScore\":0,\"parkingState\":\"\",\"teleop\":{\"markerScore\":0,\"parkingScore\":0,\"parkingState\":\"\"}}"
            }
        ]
    }
}