{"matchNumber":"54","matchTime":5074.369234068,"blue":{"totalScore":{"Score":20,"TeleopScore":15,"AutonScore":5,"AmpScore":1,"AmpCount":1,"SpeakerScore":19,"SpeakerCount":8,"TrapScore":0,"TrapCount":0,"AmplifiedCount":0,"AmplifiedScore":0,"MobileScore":0,"OnStageScore":0,"SpotlightScore":0,"ParkingScore":0,"HarmonyScore":0,"PassingCount":0},"preGameMarkers":{},"autonGameMarkers":{"Speaker1":{"x":1,"y":11,"isMarkedOnce":"false","isSingleSpace":"false","gameState":"auton","ampState":"","spotlitState":"","teamNumber":"418","timestamp":2.336190183000326,"score":5,"markerLocationType":"Speaker","GameState":"auton","markerType":"Speaker","markerColor":{"red":255,"green":180,"blue":127,"alpha":0.8}}},"teleopGameMarkers":{"Speaker2":{"x":0,"y":9,"isMarkedOnce":"false","isSingleSpace":"false","gameState":"teleop","ampState":"","spotlitState":"","teamNumber":"418","timestamp":21.273173468000095,"score":2,"markerLocationType":"Speaker","GameState":"teleop","markerType":"Speaker","markerColor":{"red":255,"green":180,"blue":127,"alpha":0.5}},"Amplifier1":{"x":8,"y":1,"isMarkedOnce":"false","isSingleSpace":"false","gameState":"teleop","ampState":"","spotlitState":"","teamNumber":"418","timestamp":51.01540733999991,"score":1,"markerLocationType":"Amplifier","GameState":"teleop","markerType":"Amplifier","markerColor":{"red":255,"green":180,"blue":127,"alpha":0.5}},"Speaker3":{"x":1,"y":11,"isMarkedOnce":"false","isSingleSpace":"false","gameState":"teleop","ampState":"","spotlitState":"","teamNumber":"418","timestamp":71.38842651300001,"score":2,"markerLocationType":"Speaker","GameState":"teleop","markerType":"Speaker","markerColor":{"red":255,"green":180,"blue":127,"alpha":0.5}},"Speaker4":{"x":1,"y":11,"isMarkedOnce":"false","isSingleSpace":"false","gameState":"teleop","ampState":"","spotlitState":"","teamNumber":"418","timestamp":80.96480954400067,"score":2,"markerLocationType":"Speaker","GameState":"teleop","markerType":"Speaker","markerColor":{"red":255,"green":180,"blue":127,"alpha":0.5}},"Speaker5":{"x":1,"y":12,"isMarkedOnce":"false","isSingleSpace":"false","gameState":"teleop","ampState":"","spotlitState":"","teamNumber":"418","timestamp":104.48438636300034,"score":2,"markerLocationType":"Speaker","GameState":"teleop","markerType":"Speaker","markerColor":{"red":255,"green":180,"blue":127,"alpha":0.5}},"Speaker6":{"x":1,"y":11,"isMarkedOnce":"false","isSingleSpace":"false","gameState":"teleop","ampState":"","spotlitState":"","teamNumber":"418","timestamp":109.86434893400019,"score":2,"markerLocationType":"Speaker","GameState":"teleop","markerType":"Speaker","markerColor":{"red":255,"green":180,"blue":127,"alpha":0.5}},"Speaker7":{"x":1,"y":12,"isMarkedOnce":"false","isSingleSpace":"false","gameState":"teleop","ampState":"","spotlitState":"","teamNumber":"418","timestamp":118.16155731799972,"score":2,"markerLocationType":"Speaker","GameState":"teleop","markerType":"Speaker","markerColor":{"red":255,"green":180,"blue":127,"alpha":0.5}},"Speaker8":{"x":1,"y":12,"isMarkedOnce":"false","isSingleSpace":"false","gameState":"teleop","ampState":"","spotlitState":"","teamNumber":"418","timestamp":140.77868510100052,"score":2,"markerLocationType":"Speaker","GameState":"teleop","markerType":"Speaker","markerColor":{"red":255,"green":180,"blue":127,"alpha":0.5}}},"teams":[{"scout":"Ajay","teamNumber":"418","idx":1,"allianceColor":"blue","markerColor":{"red":255,"green":180,"blue":127,"alpha":0.5},"gameState":{"markerScore":0,"parkingScore":0,"parkingState":"","auton":{"markerScore":0,"parkingScore":0,"parkingState":""},"teleop":{"markerScore":0,"parkingScore":0,"parkingState":""}},"teleopScore":{"Score":0,"TeleopScore":15,"AutonScore":0,"AmpScore":1,"AmpCount":1,"SpeakerScore":14,"SpeakerCount":7,"TrapScore":0,"TrapCount":0,"AmplifiedCount":0,"AmplifiedScore":0,"MobileScore":0,"OnStageScore":0,"SpotlightScore":0,"ParkingScore":0,"HarmonyScore":0,"PassingCount":0},"autonScore":{"Score":0,"TeleopScore":0,"AutonScore":5,"AmpScore":0,"AmpCount":0,"SpeakerScore":5,"SpeakerCount":1,"TrapScore":0,"TrapCount":0,"AmplifiedCount":0,"AmplifiedScore":0,"MobileScore":0,"OnStageScore":0,"SpotlightScore":0,"ParkingScore":0,"HarmonyScore":0,"PassingCount":0},"passes":0,"connection":true,"onStage":false,"mobile":true,"isDisabled":0,"gameStateScore":"{\"markerScore\":0,\"parkingScore\":0,\"parkingState\":\"\",\"auton\":{\"markerScore\":0,\"parkingScore\":0,\"parkingState\":\"\"},\"teleop\":{\"markerScore\":0,\"parkingScore\":0,\"parkingState\":\"\"}}"},{"scout":"Ramesh","teamNumber":"4153","idx":3,"allianceColor":"blue","markerColor":{"red":169,"green":255,"blue":230,"alpha":0.8},"gameState":{"markerScore":0,"parkingScore":0,"parkingState":"","auton":{"markerScore":0,"parkingScore":0,"parkingState":""}},"teleopScore":{"Score":0,"TeleopScore":0,"AutonScore":0,"AmpScore":0,"AmpCount":0,"SpeakerScore":0,"SpeakerCount":0,"TrapScore":0,"TrapCount":0,"AmplifiedCount":0,"AmplifiedScore":0,"MobileScore":0,"OnStageScore":0,"SpotlightScore":0,"ParkingScore":0,"HarmonyScore":0,"PassingCount":0},"autonScore":{"Score":0,"TeleopScore":0,"AutonScore":0,"AmpScore":0,"AmpCount":0,"SpeakerScore":0,"SpeakerCount":0,"TrapScore":0,"TrapCount":0,"AmplifiedCount":0,"AmplifiedScore":0,"MobileScore":0,"OnStageScore":0,"SpotlightScore":0,"ParkingScore":0,"HarmonyScore":0,"PassingCount":0},"passes":0,"connection":true,"onStage":false,"mobile":true,"isDisabled":0,"gameStateScore":"{\"markerScore\":0,\"parkingScore\":0,\"parkingState\":\"\",\"auton\":{\"markerScore\":0,\"parkingScore\":0,\"parkingState\":\"\"},\"teleop\":{\"markerScore\":0,\"parkingScore\":0,\"parkingState\":\"\"}}"}]},"red":{"totalScore":{"Score":36,"TeleopScore":31,"AutonScore":5,"AmpScore":9,"AmpCount":9,"SpeakerScore":17,"SpeakerCount":7,"TrapScore":0,"TrapCount":0,"AmplifiedCount":2,"AmplifiedScore":10,"MobileScore":0,"OnStageScore":0,"SpotlightScore":0,"ParkingScore":0,"HarmonyScore":0,"PassingCount":0},"preGameMarkers":{},"autonGameMarkers":{"Speaker1":{"x":27,"y":10,"isMarkedOnce":"false","isSingleSpace":"false","gameState":"auton","ampState":"","spotlitState":"","teamNumber":"9752","timestamp":0.20848022200061678,"score":5,"markerLocationType":"Speaker","GameState":"auton","markerType":"Speaker","markerColor":{"red":84,"green":255,"blue":200,"alpha":0.8}}},"teleopGameMarkers":{"Amplifier1":{"x":20,"y":1,"isMarkedOnce":"false","isSingleSpace":"false","gameState":"teleop","ampState":"","spotlitState":"","teamNumber":"9492","timestamp":22.529453078999722,"score":1,"markerLocationType":"Amplifier","GameState":"teleop","markerType":"Amplifier","markerColor":{"red":255,"green":107,"blue":53,"alpha":0.5}},"Speaker2":{"x":26,"y":12,"isMarkedOnce":"false","isSingleSpace":"false","gameState":"teleop","ampState":"","spotlitState":"","teamNumber":"9492","timestamp":35.11922655299986,"score":2,"markerLocationType":"Speaker","GameState":"teleop","markerType":"Speaker","markerColor":{"red":255,"green":107,"blue":53,"alpha":0.5}},"Amplifier2":{"x":18,"y":0,"isMarkedOnce":"false","isSingleSpace":"false","gameState":"teleop","ampState":"","spotlitState":"","teamNumber":"9752","timestamp":37.192102348000844,"score":1,"markerLocationType":"Amplifier","GameState":"teleop","markerType":"Amplifier","markerColor":{"red":84,"green":255,"blue":200,"alpha":0.5}},"Amplifier3":{"x":18,"y":0,"isMarkedOnce":"false","isSingleSpace":"false","gameState":"teleop","ampState":"","spotlitState":"","teamNumber":"9752","timestamp":47.4244031749995,"score":1,"markerLocationType":"Amplifier","GameState":"teleop","markerType":"Amplifier","markerColor":{"red":84,"green":255,"blue":200,"alpha":0.5}},"Amplifier4":{"x":19,"y":1,"isMarkedOnce":"false","isSingleSpace":"false","gameState":"teleop","ampState":"","spotlitState":"","teamNumber":"9080","timestamp":50.32740593299968,"score":1,"markerLocationType":"Amplifier","GameState":"teleop","markerType":"Amplifier","markerColor":{"red":84,"green":255,"blue":200,"alpha":0.5}},"Speaker3":{"x":27,"y":11,"isMarkedOnce":"false","isSingleSpace":"false","gameState":"teleop","ampState":"","spotlitState":"","teamNumber":"9492","timestamp":57.94166566900094,"score":2,"markerLocationType":"Speaker","GameState":"teleop","markerType":"Speaker","markerColor":{"red":255,"green":107,"blue":53,"alpha":0.5}},"Speaker4":{"x":26,"y":11,"isMarkedOnce":"false","isSingleSpace":"false","gameState":"teleop","ampState":"","spotlitState":"","teamNumber":"9080","timestamp":58.42554779800048,"score":2,"markerLocationType":"Speaker","GameState":"teleop","markerType":"Speaker","markerColor":{"red":84,"green":255,"blue":200,"alpha":0.5}},"Amplifier5":{"x":21,"y":1,"isMarkedOnce":"false","isSingleSpace":"false","gameState":"teleop","ampState":"","spotlitState":"","teamNumber":"9752","timestamp":80.72545495200029,"score":1,"markerLocationType":"Amplifier","GameState":"teleop","markerType":"Amplifier","markerColor":{"red":84,"green":255,"blue":200,"alpha":0.5}},"Amplifier6":{"x":21,"y":1,"isMarkedOnce":"false","isSingleSpace":"false","gameState":"teleop","ampState":"","spotlitState":"","teamNumber":"9492","timestamp":90.05166624200046,"score":1,"markerLocationType":"Amplifier","GameState":"teleop","markerType":"Amplifier","markerColor":{"red":255,"green":107,"blue":53,"alpha":0.5}},"Amplified1":{"x":27,"y":11,"isMarkedOnce":"false","isSingleSpace":"false","gameState":"teleop","ampState":"","spotlitState":"","teamNumber":"9752","timestamp":95.7612404800002,"score":2,"markerLocationType":"Speaker","GameState":"teleop","markerType":"Amplified","markerColor":{"red":84,"green":255,"blue":200,"alpha":0.5}},"Amplifier7":{"x":18,"y":0,"isMarkedOnce":"false","isSingleSpace":"false","gameState":"teleop","ampState":"","spotlitState":"","teamNumber":"9752","timestamp":111.79357054400043,"score":1,"markerLocationType":"Amplifier","GameState":"teleop","markerType":"Amplifier","markerColor":{"red":84,"green":255,"blue":200,"alpha":0.5}},"Speaker5":{"x":26,"y":11,"isMarkedOnce":"false","isSingleSpace":"false","gameState":"teleop","ampState":"","spotlitState":"","teamNumber":"9492","timestamp":117.36770770699968,"score":2,"markerLocationType":"Speaker","GameState":"teleop","markerType":"Speaker","markerColor":{"red":255,"green":107,"blue":53,"alpha":0.5}},"Speaker6":{"x":26,"y":11,"isMarkedOnce":"false","isSingleSpace":"false","gameState":"teleop","ampState":"","spotlitState":"","teamNumber":"9080","timestamp":127.28313251600048,"score":2,"markerLocationType":"Speaker","GameState":"teleop","markerType":"Speaker","markerColor":{"red":84,"green":255,"blue":200,"alpha":0.5}},"Amplifier8":{"x":18,"y":0,"isMarkedOnce":"false","isSingleSpace":"false","gameState":"teleop","ampState":"","spotlitState":"","teamNumber":"9752","timestamp":131.23698510699978,"score":1,"markerLocationType":"Amplifier","GameState":"teleop","markerType":"Amplifier","markerColor":{"red":84,"green":255,"blue":200,"alpha":0.5}},"Speaker7":{"x":27,"y":11,"isMarkedOnce":"false","isSingleSpace":"false","gameState":"teleop","ampState":"","spotlitState":"","teamNumber":"9752","timestamp":144.65210776500044,"score":2,"markerLocationType":"Speaker","GameState":"teleop","markerType":"Speaker","markerColor":{"red":84,"green":255,"blue":200,"alpha":0.5}},"Amplifier9":{"x":21,"y":1,"isMarkedOnce":"false","isSingleSpace":"false","gameState":"teleop","ampState":"","spotlitState":"","teamNumber":"9492","timestamp":145.93218200499996,"score":1,"markerLocationType":"Amplifier","GameState":"teleop","markerType":"Amplifier","markerColor":{"red":255,"green":107,"blue":53,"alpha":0.5}},"Amplified2":{"x":27,"y":11,"isMarkedOnce":"false","isSingleSpace":"false","gameState":"teleop","ampState":"","spotlitState":"","teamNumber":"9752","timestamp":145.99476906099972,"score":2,"markerLocationType":"Speaker","GameState":"teleop","markerType":"Amplified","markerColor":{"red":84,"green":255,"blue":200,"alpha":0.5}}},"teams":[{"scout":"Aryan","teamNumber":"9752","idx":5,"allianceColor":"red","markerColor":{"red":84,"green":255,"blue":200,"alpha":0.5},"gameState":{"markerScore":0,"parkingScore":0,"parkingState":"","auton":{"markerScore":0,"parkingScore":0,"parkingState":""},"teleop":{"markerScore":0,"parkingScore":0,"parkingState":""}},"teleopScore":{"Score":0,"TeleopScore":17,"AutonScore":0,"AmpScore":5,"AmpCount":5,"SpeakerScore":2,"SpeakerCount":1,"TrapScore":0,"TrapCount":0,"AmplifiedCount":2,"AmplifiedScore":10,"MobileScore":0,"OnStageScore":0,"SpotlightScore":0,"ParkingScore":0,"HarmonyScore":0,"PassingCount":0},"autonScore":{"Score":0,"TeleopScore":0,"AutonScore":5,"AmpScore":0,"AmpCount":0,"SpeakerScore":5,"SpeakerCount":1,"TrapScore":0,"TrapCount":0,"AmplifiedCount":0,"AmplifiedScore":0,"MobileScore":0,"OnStageScore":0,"SpotlightScore":0,"ParkingScore":0,"HarmonyScore":0,"PassingCount":0},"passes":0,"connection":true,"onStage":false,"mobile":true,"isDisabled":0,"gameStateScore":"{\"markerScore\":0,\"parkingScore\":0,\"parkingState\":\"\",\"auton\":{\"markerScore\":0,\"parkingScore\":0,\"parkingState\":\"\"},\"teleop\":{\"markerScore\":0,\"parkingScore\":0,\"parkingState\":\"\"}}"},{"scout":"Athindra","teamNumber":"9080","idx":4,"allianceColor":"red","markerColor":{"red":84,"green":255,"blue":200,"alpha":0.5},"gameState":{"markerScore":0,"parkingScore":0,"parkingState":"","teleop":{"markerScore":0,"parkingScore":0,"parkingState":""}},"teleopScore":{"Score":0,"TeleopScore":10,"AutonScore":0,"AmpScore":1,"AmpCount":1,"SpeakerScore":4,"SpeakerCount":2,"TrapScore":0,"TrapCount":0,"AmplifiedCount":1,"AmplifiedScore":5,"MobileScore":0,"OnStageScore":0,"SpotlightScore":0,"ParkingScore":0,"HarmonyScore":0,"PassingCount":0},"autonScore":{"Score":0,"TeleopScore":0,"AutonScore":0,"AmpScore":0,"AmpCount":0,"SpeakerScore":0,"SpeakerCount":0,"TrapScore":0,"TrapCount":0,"AmplifiedCount":0,"AmplifiedScore":0,"MobileScore":0,"OnStageScore":0,"SpotlightScore":0,"ParkingScore":0,"HarmonyScore":0,"PassingCount":0},"passes":0,"connection":true,"onStage":false,"mobile":false,"isDisabled":0,"gameStateScore":"{\"markerScore\":0,\"parkingScore\":0,\"parkingState\":\"\",\"teleop\":{\"markerScore\":0,\"parkingScore\":0,\"parkingState\":\"\"}}"},{"scout":"Anshul","teamNumber":"9492","idx":6,"allianceColor":"red","markerColor":{"red":255,"green":107,"blue":53,"alpha":0.5},"gameState":{"markerScore":0,"parkingScore":0,"parkingState":"","teleop":{"markerScore":0,"parkingScore":0,"parkingState":""}},"teleopScore":{"Score":0,"TeleopScore":14,"AutonScore":0,"AmpScore":3,"AmpCount":3,"SpeakerScore":6,"SpeakerCount":3,"TrapScore":0,"TrapCount":0,"AmplifiedCount":1,"AmplifiedScore":5,"MobileScore":0,"OnStageScore":0,"SpotlightScore":0,"ParkingScore":0,"HarmonyScore":0,"PassingCount":0},"autonScore":{"Score":0,"TeleopScore":0,"AutonScore":0,"AmpScore":0,"AmpCount":0,"SpeakerScore":0,"SpeakerCount":0,"TrapScore":0,"TrapCount":0,"AmplifiedCount":0,"AmplifiedScore":0,"MobileScore":0,"OnStageScore":0,"SpotlightScore":0,"ParkingScore":0,"HarmonyScore":0,"PassingCount":0},"passes":0,"connection":true,"onStage":false,"mobile":false,"isDisabled":0,"gameStateScore":"{\"markerScore\":0,\"parkingScore\":0,\"parkingState\":\"\",\"teleop\":{\"markerScore\":0,\"parkingScore\":0,\"parkingState\":\"\"}}"}]}}